model,temperature,foundation,uncertainty,uncertainty_uncertainty,robustness,robustness_uncertainty,susceptibility,susceptibility_uncertainty,uncertainty_persona_uncertainty,uncertainty_response_uncertainty,susceptibility_persona_uncertainty,susceptibility_response_uncertainty,personas,questions,min_runs_per_cell,median_runs_per_cell,max_runs_per_cell,retained_persona_ids_json,retained_question_ids_json,source_file
claude-haiku-4-5,0.1,Authority/Respect,0.010587033966300025,0.00319237162721313,94.45516120786394,28.481629287641585,0.7733217649664632,0.04288404850862325,0.0030726046240467193,0.0008662201974799038,0.042880668759507,0.0005383894755584575,94,6,2,10,10,"[0, 1, 2, 3, 4, 5, 6, 7, 8, 9, 10, 11, 12, 13, 14, 15, 16, 17, 18, 19, 20, 21, 22, 23, 24, 25, 26, 27, 28, 29, 30, 31, 32, 33, 34, 35, 36, 37, 38, 39, 40, 41, 43, 45, 46, 47, 48, 49, 50, 52, 53, 54, 55, 56, 57, 58, 59, 60, 61, 62, 63, 64, 65, 66, 67, 68, 69, 70, 71, 72, 73, 74, 76, 77, 78, 79, 80, 81, 82, 83, 84, 85, 86, 87, 88, 89, 91, 92, 93, 94, 96, 97, 98, 99]","[4, 9, 14, 19, 24, 29]",data/sampling/claude-haiku-4-5_temp01.csv
claude-haiku-4-5,0.1,Fairness/Reciprocity,0.003719036541805872,0.0017501695305166475,268.88684441762024,126.53749350577199,0.5362920342977423,0.034437272010668,0.001659006543514554,0.0005574860304301394,0.03443639366945913,0.000245956457066395,94,6,4,10,10,"[0, 1, 2, 3, 4, 5, 6, 7, 8, 9, 10, 11, 12, 13, 14, 15, 16, 17, 18, 19, 20, 21, 22, 23, 24, 25, 26, 27, 28, 29, 30, 31, 32, 33, 34, 35, 36, 37, 38, 39, 40, 41, 43, 45, 46, 47, 48, 49, 50, 52, 53, 54, 55, 56, 57, 58, 59, 60, 61, 62, 63, 64, 65, 66, 67, 68, 69, 70, 71, 72, 73, 74, 76, 77, 78, 79, 80, 81, 82, 83, 84, 85, 86, 87, 88, 89, 91, 92, 93, 94, 96, 97, 98, 99]","[2, 7, 12, 17, 22, 27]",data/sampling/claude-haiku-4-5_temp01.csv
claude-haiku-4-5,0.1,Harm/Care,0.01195703708231099,0.00365228735773324,83.63275894488784,25.54569882857046,0.6838506324485344,0.04152457088619625,0.003557319311990811,0.0008274552894237092,0.04151043125636734,0.0010835516568852928,94,6,4,10,10,"[0, 1, 2, 3, 4, 5, 6, 7, 8, 9, 10, 11, 12, 13, 14, 15, 16, 17, 18, 19, 20, 21, 22, 23, 24, 25, 26, 27, 28, 29, 30, 31, 32, 33, 34, 35, 36, 37, 38, 39, 40, 41, 43, 45, 46, 47, 48, 49, 50, 52, 53, 54, 55, 56, 57, 58, 59, 60, 61, 62, 63, 64, 65, 66, 67, 68, 69, 70, 71, 72, 73, 74, 76, 77, 78, 79, 80, 81, 82, 83, 84, 85, 86, 87, 88, 89, 91, 92, 93, 94, 96, 97, 98, 99]","[1, 6, 11, 16, 21, 26]",data/sampling/claude-haiku-4-5_temp01.csv
claude-haiku-4-5,0.1,In-group/Loyalty,0.012792023451524378,0.0030503576739756367,78.173715346092,18.641131593666877,0.9226179083322599,0.03445585636038405,0.002848975094421272,0.0010899646097692164,0.034447902216698016,0.0007403177670633587,94,6,1,10,10,"[0, 1, 2, 3, 4, 5, 6, 7, 8, 9, 10, 11, 12, 13, 14, 15, 16, 17, 18, 19, 20, 21, 22, 23, 24, 25, 26, 27, 28, 29, 30, 31, 32, 33, 34, 35, 36, 37, 38, 39, 40, 41, 43, 45, 46, 47, 48, 49, 50, 52, 53, 54, 55, 56, 57, 58, 59, 60, 61, 62, 63, 64, 65, 66, 67, 68, 69, 70, 71, 72, 73, 74, 76, 77, 78, 79, 80, 81, 82, 83, 84, 85, 86, 87, 88, 89, 91, 92, 93, 94, 96, 97, 98, 99]","[3, 8, 13, 18, 23, 28]",data/sampling/claude-haiku-4-5_temp01.csv
claude-haiku-4-5,0.1,Purity/Sanctity,0.015271415830310704,0.003352746215109175,65.48181328513104,14.376132775748147,0.8188597798353338,0.05298700400755731,0.003133980338596559,0.0011912491008261431,0.052982036724512585,0.0007255192756188531,94,6,4,10,10,"[0, 1, 2, 3, 4, 5, 6, 7, 8, 9, 10, 11, 12, 13, 14, 15, 16, 17, 18, 19, 20, 21, 22, 23, 24, 25, 26, 27, 28, 29, 30, 31, 32, 33, 34, 35, 36, 37, 38, 39, 40, 41, 43, 45, 46, 47, 48, 49, 50, 52, 53, 54, 55, 56, 57, 58, 59, 60, 61, 62, 63, 64, 65, 66, 67, 68, 69, 70, 71, 72, 73, 74, 76, 77, 78, 79, 80, 81, 82, 83, 84, 85, 86, 87, 88, 89, 91, 92, 93, 94, 96, 97, 98, 99]","[5, 10, 15, 20, 25, 30]",data/sampling/claude-haiku-4-5_temp01.csv
claude-sonnet-4-5,0.1,Authority/Respect,0.012495961841203189,0.003461246037318422,80.0258525680416,22.1662940879701,0.8715711835335928,0.04760913742915486,0.0033090708666694093,0.0010150242017864628,0.047604235614217436,0.000683167866798727,100,6,10,10,10,"[0, 1, 2, 3, 4, 5, 6, 7, 8, 9, 10, 11, 12, 13, 14, 15, 16, 17, 18, 19, 20, 21, 22, 23, 24, 25, 26, 27, 28, 29, 30, 31, 32, 33, 34, 35, 36, 37, 38, 39, 40, 41, 42, 43, 44, 45, 46, 47, 48, 49, 50, 51, 52, 53, 54, 55, 56, 57, 58, 59, 60, 61, 62, 63, 64, 65, 66, 67, 68, 69, 70, 71, 72, 73, 74, 75, 76, 77, 78, 79, 80, 81, 82, 83, 84, 85, 86, 87, 88, 89, 90, 91, 92, 93, 94, 95, 96, 97, 98, 99]","[4, 9, 14, 19, 24, 29]",data/sampling/claude-sonnet-4-5_temp01.csv
claude-sonnet-4-5,0.1,Fairness/Reciprocity,0.012533800825793633,0.003319123416069806,79.78425809528376,21.12797250877373,0.603372556876731,0.03467275495913528,0.003156525605637035,0.0010261219966751747,0.03465151738170487,0.0012133752929928813,100,6,10,10,10,"[0, 1, 2, 3, 4, 5, 6, 7, 8, 9, 10, 11, 12, 13, 14, 15, 16, 17, 18, 19, 20, 21, 22, 23, 24, 25, 26, 27, 28, 29, 30, 31, 32, 33, 34, 35, 36, 37, 38, 39, 40, 41, 42, 43, 44, 45, 46, 47, 48, 49, 50, 51, 52, 53, 54, 55, 56, 57, 58, 59, 60, 61, 62, 63, 64, 65, 66, 67, 68, 69, 70, 71, 72, 73, 74, 75, 76, 77, 78, 79, 80, 81, 82, 83, 84, 85, 86, 87, 88, 89, 90, 91, 92, 93, 94, 95, 96, 97, 98, 99]","[2, 7, 12, 17, 22, 27]",data/sampling/claude-sonnet-4-5_temp01.csv
claude-sonnet-4-5,0.1,Harm/Care,0.005706427573049546,0.0021396907275219937,175.24098697455202,65.7086259505209,0.5959982301989623,0.03652635766368706,0.002045665037960143,0.0006273204618941772,0.03652286551898687,0.0005050727250510578,100,6,10,10,10,"[0, 1, 2, 3, 4, 5, 6, 7, 8, 9, 10, 11, 12, 13, 14, 15, 16, 17, 18, 19, 20, 21, 22, 23, 24, 25, 26, 27, 28, 29, 30, 31, 32, 33, 34, 35, 36, 37, 38, 39, 40, 41, 42, 43, 44, 45, 46, 47, 48, 49, 50, 51, 52, 53, 54, 55, 56, 57, 58, 59, 60, 61, 62, 63, 64, 65, 66, 67, 68, 69, 70, 71, 72, 73, 74, 75, 76, 77, 78, 79, 80, 81, 82, 83, 84, 85, 86, 87, 88, 89, 90, 91, 92, 93, 94, 95, 96, 97, 98, 99]","[1, 6, 11, 16, 21, 26]",data/sampling/claude-sonnet-4-5_temp01.csv
claude-sonnet-4-5,0.1,In-group/Loyalty,0.008888796722474357,0.0025112090871544962,112.50116649327896,31.78314910713361,0.8763804220564136,0.037486554191974636,0.002355153692040128,0.0008714483153217248,0.03747774576764003,0.0008125991410229626,100,6,10,10,10,"[0, 1, 2, 3, 4, 5, 6, 7, 8, 9, 10, 11, 12, 13, 14, 15, 16, 17, 18, 19, 20, 21, 22, 23, 24, 25, 26, 27, 28, 29, 30, 31, 32, 33, 34, 35, 36, 37, 38, 39, 40, 41, 42, 43, 44, 45, 46, 47, 48, 49, 50, 51, 52, 53, 54, 55, 56, 57, 58, 59, 60, 61, 62, 63, 64, 65, 66, 67, 68, 69, 70, 71, 72, 73, 74, 75, 76, 77, 78, 79, 80, 81, 82, 83, 84, 85, 86, 87, 88, 89, 90, 91, 92, 93, 94, 95, 96, 97, 98, 99]","[3, 8, 13, 18, 23, 28]",data/sampling/claude-sonnet-4-5_temp01.csv
claude-sonnet-4-5,0.1,Purity/Sanctity,0.00679835911102945,0.002233971996726828,147.09431844776051,48.33586795331207,0.8101713958263225,0.05174341699271,0.0021091467926644715,0.0007362952459121446,0.05174134593366276,0.000462950380181238,100,6,10,10,10,"[0, 1, 2, 3, 4, 5, 6, 7, 8, 9, 10, 11, 12, 13, 14, 15, 16, 17, 18, 19, 20, 21, 22, 23, 24, 25, 26, 27, 28, 29, 30, 31, 32, 33, 34, 35, 36, 37, 38, 39, 40, 41, 42, 43, 44, 45, 46, 47, 48, 49, 50, 51, 52, 53, 54, 55, 56, 57, 58, 59, 60, 61, 62, 63, 64, 65, 66, 67, 68, 69, 70, 71, 72, 73, 74, 75, 76, 77, 78, 79, 80, 81, 82, 83, 84, 85, 86, 87, 88, 89, 90, 91, 92, 93, 94, 95, 96, 97, 98, 99]","[5, 10, 15, 20, 25, 30]",data/sampling/claude-sonnet-4-5_temp01.csv
deepseek-v3,0.1,Authority/Respect,0.408170526079868,0.014868613653563111,2.4499564179808684,0.08924567826315083,0.771727357084817,0.04329317217202037,0.013927839712606572,0.00520489701328111,0.04281293332277292,0.006430512966785684,100,6,10,10,10,"[0, 1, 2, 3, 4, 5, 6, 7, 8, 9, 10, 11, 12, 13, 14, 15, 16, 17, 18, 19, 20, 21, 22, 23, 24, 25, 26, 27, 28, 29, 30, 31, 32, 33, 34, 35, 36, 37, 38, 39, 40, 41, 42, 43, 44, 45, 46, 47, 48, 49, 50, 51, 52, 53, 54, 55, 56, 57, 58, 59, 60, 61, 62, 63, 64, 65, 66, 67, 68, 69, 70, 71, 72, 73, 74, 75, 76, 77, 78, 79, 80, 81, 82, 83, 84, 85, 86, 87, 88, 89, 90, 91, 92, 93, 94, 95, 96, 97, 98, 99]","[4, 9, 14, 19, 24, 29]",data/sampling/deepseek-v3_temp01.csv
deepseek-v3,0.1,Fairness/Reciprocity,0.17283196057828576,0.011295418265532469,5.785966881669673,0.3781413795243877,0.5011779280654604,0.04328448249279303,0.01088089319634905,0.0030319361871532636,0.04312492628333328,0.0037131062098971265,100,6,10,10,10,"[0, 1, 2, 3, 4, 5, 6, 7, 8, 9, 10, 11, 12, 13, 14, 15, 16, 17, 18, 19, 20, 21, 22, 23, 24, 25, 26, 27, 28, 29, 30, 31, 32, 33, 34, 35, 36, 37, 38, 39, 40, 41, 42, 43, 44, 45, 46, 47, 48, 49, 50, 51, 52, 53, 54, 55, 56, 57, 58, 59, 60, 61, 62, 63, 64, 65, 66, 67, 68, 69, 70, 71, 72, 73, 74, 75, 76, 77, 78, 79, 80, 81, 82, 83, 84, 85, 86, 87, 88, 89, 90, 91, 92, 93, 94, 95, 96, 97, 98, 99]","[2, 7, 12, 17, 22, 27]",data/sampling/deepseek-v3_temp01.csv
deepseek-v3,0.1,Harm/Care,0.1635260447095215,0.012446320540043392,6.115233825757505,0.46544365766257684,0.5678738903070186,0.04864793957073263,0.011943640941199402,0.003501476267692174,0.04833400742958584,0.0055177667832552214,100,6,10,10,10,"[0, 1, 2, 3, 4, 5, 6, 7, 8, 9, 10, 11, 12, 13, 14, 15, 16, 17, 18, 19, 20, 21, 22, 23, 24, 25, 26, 27, 28, 29, 30, 31, 32, 33, 34, 35, 36, 37, 38, 39, 40, 41, 42, 43, 44, 45, 46, 47, 48, 49, 50, 51, 52, 53, 54, 55, 56, 57, 58, 59, 60, 61, 62, 63, 64, 65, 66, 67, 68, 69, 70, 71, 72, 73, 74, 75, 76, 77, 78, 79, 80, 81, 82, 83, 84, 85, 86, 87, 88, 89, 90, 91, 92, 93, 94, 95, 96, 97, 98, 99]","[1, 6, 11, 16, 21, 26]",data/sampling/deepseek-v3_temp01.csv
deepseek-v3,0.1,In-group/Loyalty,0.33565027334356456,0.010895753829591837,2.9792914810959235,0.0967126474864932,0.782545715608692,0.04289055380022062,0.009986494857997087,0.004357450167960951,0.04261629634636614,0.00484261200266124,100,6,10,10,10,"[0, 1, 2, 3, 4, 5, 6, 7, 8, 9, 10, 11, 12, 13, 14, 15, 16, 17, 18, 19, 20, 21, 22, 23, 24, 25, 26, 27, 28, 29, 30, 31, 32, 33, 34, 35, 36, 37, 38, 39, 40, 41, 42, 43, 44, 45, 46, 47, 48, 49, 50, 51, 52, 53, 54, 55, 56, 57, 58, 59, 60, 61, 62, 63, 64, 65, 66, 67, 68, 69, 70, 71, 72, 73, 74, 75, 76, 77, 78, 79, 80, 81, 82, 83, 84, 85, 86, 87, 88, 89, 90, 91, 92, 93, 94, 95, 96, 97, 98, 99]","[3, 8, 13, 18, 23, 28]",data/sampling/deepseek-v3_temp01.csv
deepseek-v3,0.1,Purity/Sanctity,0.4492835489335553,0.01686930114765373,2.225765894107755,0.08357108832719208,0.8669333076572031,0.056387220208773806,0.01610457022731018,0.00502156738517627,0.056152784431336616,0.0051364777309542845,100,6,10,10,10,"[0, 1, 2, 3, 4, 5, 6, 7, 8, 9, 10, 11, 12, 13, 14, 15, 16, 17, 18, 19, 20, 21, 22, 23, 24, 25, 26, 27, 28, 29, 30, 31, 32, 33, 34, 35, 36, 37, 38, 39, 40, 41, 42, 43, 44, 45, 46, 47, 48, 49, 50, 51, 52, 53, 54, 55, 56, 57, 58, 59, 60, 61, 62, 63, 64, 65, 66, 67, 68, 69, 70, 71, 72, 73, 74, 75, 76, 77, 78, 79, 80, 81, 82, 83, 84, 85, 86, 87, 88, 89, 90, 91, 92, 93, 94, 95, 96, 97, 98, 99]","[5, 10, 15, 20, 25, 30]",data/sampling/deepseek-v3_temp01.csv
deepseek-v3.1,0.1,Authority/Respect,0.32105508046073106,0.017637911859314803,3.114730340242388,0.17111499723938597,0.9322868532778763,0.047283207162959494,0.016645046989751895,0.0058342390648574854,0.04700969805470393,0.005078382461070588,100,6,10,10,10,"[0, 1, 2, 3, 4, 5, 6, 7, 8, 9, 10, 11, 12, 13, 14, 15, 16, 17, 18, 19, 20, 21, 22, 23, 24, 25, 26, 27, 28, 29, 30, 31, 32, 33, 34, 35, 36, 37, 38, 39, 40, 41, 42, 43, 44, 45, 46, 47, 48, 49, 50, 51, 52, 53, 54, 55, 56, 57, 58, 59, 60, 61, 62, 63, 64, 65, 66, 67, 68, 69, 70, 71, 72, 73, 74, 75, 76, 77, 78, 79, 80, 81, 82, 83, 84, 85, 86, 87, 88, 89, 90, 91, 92, 93, 94, 95, 96, 97, 98, 99]","[4, 9, 14, 19, 24, 29]",data/sampling/deepseek-v3.1_temp01.csv
deepseek-v3.1,0.1,Fairness/Reciprocity,0.13460343983401576,0.012062209366048491,7.429230643980088,0.6657551661893333,0.42783037230141635,0.03999928590077146,0.011484359518433995,0.0036886828600114796,0.039715369855010875,0.0047573385260404,100,6,10,10,10,"[0, 1, 2, 3, 4, 5, 6, 7, 8, 9, 10, 11, 12, 13, 14, 15, 16, 17, 18, 19, 20, 21, 22, 23, 24, 25, 26, 27, 28, 29, 30, 31, 32, 33, 34, 35, 36, 37, 38, 39, 40, 41, 42, 43, 44, 45, 46, 47, 48, 49, 50, 51, 52, 53, 54, 55, 56, 57, 58, 59, 60, 61, 62, 63, 64, 65, 66, 67, 68, 69, 70, 71, 72, 73, 74, 75, 76, 77, 78, 79, 80, 81, 82, 83, 84, 85, 86, 87, 88, 89, 90, 91, 92, 93, 94, 95, 96, 97, 98, 99]","[2, 7, 12, 17, 22, 27]",data/sampling/deepseek-v3.1_temp01.csv
deepseek-v3.1,0.1,Harm/Care,0.14893328554375,0.011825377497922743,6.714415762393454,0.5331279759149675,0.5240205914833,0.03969445443097221,0.011332699365808616,0.00337779189006347,0.039203560944529946,0.006223385078962704,100,6,10,10,10,"[0, 1, 2, 3, 4, 5, 6, 7, 8, 9, 10, 11, 12, 13, 14, 15, 16, 17, 18, 19, 20, 21, 22, 23, 24, 25, 26, 27, 28, 29, 30, 31, 32, 33, 34, 35, 36, 37, 38, 39, 40, 41, 42, 43, 44, 45, 46, 47, 48, 49, 50, 51, 52, 53, 54, 55, 56, 57, 58, 59, 60, 61, 62, 63, 64, 65, 66, 67, 68, 69, 70, 71, 72, 73, 74, 75, 76, 77, 78, 79, 80, 81, 82, 83, 84, 85, 86, 87, 88, 89, 90, 91, 92, 93, 94, 95, 96, 97, 98, 99]","[1, 6, 11, 16, 21, 26]",data/sampling/deepseek-v3.1_temp01.csv
deepseek-v3.1,0.1,In-group/Loyalty,0.25674380577329653,0.014788191619994624,3.8949333051602224,0.22434434159111907,0.928979399368795,0.05286445528680638,0.014058009311571406,0.004589442840416568,0.05241927265424605,0.006846202390417866,100,6,10,10,10,"[0, 1, 2, 3, 4, 5, 6, 7, 8, 9, 10, 11, 12, 13, 14, 15, 16, 17, 18, 19, 20, 21, 22, 23, 24, 25, 26, 27, 28, 29, 30, 31, 32, 33, 34, 35, 36, 37, 38, 39, 40, 41, 42, 43, 44, 45, 46, 47, 48, 49, 50, 51, 52, 53, 54, 55, 56, 57, 58, 59, 60, 61, 62, 63, 64, 65, 66, 67, 68, 69, 70, 71, 72, 73, 74, 75, 76, 77, 78, 79, 80, 81, 82, 83, 84, 85, 86, 87, 88, 89, 90, 91, 92, 93, 94, 95, 96, 97, 98, 99]","[3, 8, 13, 18, 23, 28]",data/sampling/deepseek-v3.1_temp01.csv
deepseek-v3.1,0.1,Purity/Sanctity,0.36362852323168215,0.021484173787781988,2.7500592943388558,0.16248107073997908,1.1592822625403265,0.05455471834923892,0.02042305200052186,0.00666848336037503,0.05409225262848406,0.0070884060084792965,100,6,10,10,10,"[0, 1, 2, 3, 4, 5, 6, 7, 8, 9, 10, 11, 12, 13, 14, 15, 16, 17, 18, 19, 20, 21, 22, 23, 24, 25, 26, 27, 28, 29, 30, 31, 32, 33, 34, 35, 36, 37, 38, 39, 40, 41, 42, 43, 44, 45, 46, 47, 48, 49, 50, 51, 52, 53, 54, 55, 56, 57, 58, 59, 60, 61, 62, 63, 64, 65, 66, 67, 68, 69, 70, 71, 72, 73, 74, 75, 76, 77, 78, 79, 80, 81, 82, 83, 84, 85, 86, 87, 88, 89, 90, 91, 92, 93, 94, 95, 96, 97, 98, 99]","[5, 10, 15, 20, 25, 30]",data/sampling/deepseek-v3.1_temp01.csv
gemini-2.5-flash,0.1,Authority/Respect,0.1343610733310149,0.013774577291018913,7.442631821914506,0.7630119701931075,1.1793847826226211,0.044222730459139006,0.013121537304090969,0.0041909710478125525,0.04408602075953062,0.003474573765499249,100,6,10,10,10,"[0, 1, 2, 3, 4, 5, 6, 7, 8, 9, 10, 11, 12, 13, 14, 15, 16, 17, 18, 19, 20, 21, 22, 23, 24, 25, 26, 27, 28, 29, 30, 31, 32, 33, 34, 35, 36, 37, 38, 39, 40, 41, 42, 43, 44, 45, 46, 47, 48, 49, 50, 51, 52, 53, 54, 55, 56, 57, 58, 59, 60, 61, 62, 63, 64, 65, 66, 67, 68, 69, 70, 71, 72, 73, 74, 75, 76, 77, 78, 79, 80, 81, 82, 83, 84, 85, 86, 87, 88, 89, 90, 91, 92, 93, 94, 95, 96, 97, 98, 99]","[4, 9, 14, 19, 24, 29]",data/sampling/gemini-2.5-flash_temp01.csv
gemini-2.5-flash,0.1,Fairness/Reciprocity,0.06071074257589072,0.008516248078504292,16.471549474954326,2.310559805634367,0.6265005780213022,0.0771504064949706,0.008033148005294248,0.002827545660049557,0.07686889571285384,0.00658468634223398,100,6,10,10,10,"[0, 1, 2, 3, 4, 5, 6, 7, 8, 9, 10, 11, 12, 13, 14, 15, 16, 17, 18, 19, 20, 21, 22, 23, 24, 25, 26, 27, 28, 29, 30, 31, 32, 33, 34, 35, 36, 37, 38, 39, 40, 41, 42, 43, 44, 45, 46, 47, 48, 49, 50, 51, 52, 53, 54, 55, 56, 57, 58, 59, 60, 61, 62, 63, 64, 65, 66, 67, 68, 69, 70, 71, 72, 73, 74, 75, 76, 77, 78, 79, 80, 81, 82, 83, 84, 85, 86, 87, 88, 89, 90, 91, 92, 93, 94, 95, 96, 97, 98, 99]","[2, 7, 12, 17, 22, 27]",data/sampling/gemini-2.5-flash_temp01.csv
gemini-2.5-flash,0.1,Harm/Care,0.05853953855766787,0.008433519415784012,17.082471516492912,2.4609923267844027,0.8031278809355425,0.06757433977609245,0.007872058801011538,0.003025713134092968,0.06748266852095762,0.0035186425600430933,100,6,10,10,10,"[0, 1, 2, 3, 4, 5, 6, 7, 8, 9, 10, 11, 12, 13, 14, 15, 16, 17, 18, 19, 20, 21, 22, 23, 24, 25, 26, 27, 28, 29, 30, 31, 32, 33, 34, 35, 36, 37, 38, 39, 40, 41, 42, 43, 44, 45, 46, 47, 48, 49, 50, 51, 52, 53, 54, 55, 56, 57, 58, 59, 60, 61, 62, 63, 64, 65, 66, 67, 68, 69, 70, 71, 72, 73, 74, 75, 76, 77, 78, 79, 80, 81, 82, 83, 84, 85, 86, 87, 88, 89, 90, 91, 92, 93, 94, 95, 96, 97, 98, 99]","[1, 6, 11, 16, 21, 26]",data/sampling/gemini-2.5-flash_temp01.csv
gemini-2.5-flash,0.1,In-group/Loyalty,0.10155760216189652,0.009394097057466546,9.84662869851796,0.9108149829616442,1.198596611889827,0.04669664526575767,0.008728887751469426,0.0034721143626540644,0.04660723061881924,0.002888378977940057,100,6,10,10,10,"[0, 1, 2, 3, 4, 5, 6, 7, 8, 9, 10, 11, 12, 13, 14, 15, 16, 17, 18, 19, 20, 21, 22, 23, 24, 25, 26, 27, 28, 29, 30, 31, 32, 33, 34, 35, 36, 37, 38, 39, 40, 41, 42, 43, 44, 45, 46, 47, 48, 49, 50, 51, 52, 53, 54, 55, 56, 57, 58, 59, 60, 61, 62, 63, 64, 65, 66, 67, 68, 69, 70, 71, 72, 73, 74, 75, 76, 77, 78, 79, 80, 81, 82, 83, 84, 85, 86, 87, 88, 89, 90, 91, 92, 93, 94, 95, 96, 97, 98, 99]","[3, 8, 13, 18, 23, 28]",data/sampling/gemini-2.5-flash_temp01.csv
gemini-2.5-flash,0.1,Purity/Sanctity,0.14678758575010983,0.011837137708748249,6.812565210401329,0.5493739278649297,1.4057649928727782,0.07050404566811663,0.011072652137425181,0.004184997464687801,0.07042493224468865,0.003339067819450143,100,6,10,10,10,"[0, 1, 2, 3, 4, 5, 6, 7, 8, 9, 10, 11, 12, 13, 14, 15, 16, 17, 18, 19, 20, 21, 22, 23, 24, 25, 26, 27, 28, 29, 30, 31, 32, 33, 34, 35, 36, 37, 38, 39, 40, 41, 42, 43, 44, 45, 46, 47, 48, 49, 50, 51, 52, 53, 54, 55, 56, 57, 58, 59, 60, 61, 62, 63, 64, 65, 66, 67, 68, 69, 70, 71, 72, 73, 74, 75, 76, 77, 78, 79, 80, 81, 82, 83, 84, 85, 86, 87, 88, 89, 90, 91, 92, 93, 94, 95, 96, 97, 98, 99]","[5, 10, 15, 20, 25, 30]",data/sampling/gemini-2.5-flash_temp01.csv
gemini-2.5-flash-lite,0.1,Authority/Respect,0.0372647836170693,0.00576309537415041,26.83498743145648,4.150100360726954,0.7410247939405616,0.041981682980208955,0.005514704535071657,0.0016737091092582223,0.04195569855419911,0.0014768428081352522,97,6,10,10,10,"[0, 1, 2, 3, 4, 5, 6, 7, 8, 9, 10, 11, 12, 13, 14, 15, 16, 17, 18, 19, 20, 21, 22, 23, 24, 25, 26, 27, 28, 30, 31, 32, 33, 34, 35, 36, 37, 38, 39, 40, 41, 42, 43, 44, 45, 46, 47, 48, 49, 50, 51, 52, 53, 54, 55, 56, 57, 58, 59, 60, 61, 62, 63, 64, 65, 66, 67, 68, 69, 70, 71, 72, 73, 74, 75, 76, 77, 78, 79, 80, 81, 82, 83, 84, 85, 87, 88, 89, 91, 92, 93, 94, 95, 96, 97, 98, 99]","[4, 9, 14, 19, 24, 29]",data/sampling/gemini-2.5-flash-lite_temp01.csv
gemini-2.5-flash-lite,0.1,Fairness/Reciprocity,0.04062377596715509,0.005752587125850519,24.616126300236452,3.4858013040821563,0.6849788469272484,0.033043884689477096,0.005476740975683596,0.001759990603886686,0.033003607626966,0.0016310116421198828,97,6,10,10,10,"[0, 1, 2, 3, 4, 5, 6, 7, 8, 9, 10, 11, 12, 13, 14, 15, 16, 17, 18, 19, 20, 21, 22, 23, 24, 25, 26, 27, 28, 30, 31, 32, 33, 34, 35, 36, 37, 38, 39, 40, 41, 42, 43, 44, 45, 46, 47, 48, 49, 50, 51, 52, 53, 54, 55, 56, 57, 58, 59, 60, 61, 62, 63, 64, 65, 66, 67, 68, 69, 70, 71, 72, 73, 74, 75, 76, 77, 78, 79, 80, 81, 82, 83, 84, 85, 87, 88, 89, 91, 92, 93, 94, 95, 96, 97, 98, 99]","[2, 7, 12, 17, 22, 27]",data/sampling/gemini-2.5-flash-lite_temp01.csv
gemini-2.5-flash-lite,0.1,Harm/Care,0.02616369366756449,0.005199577497404647,38.22090308447979,7.595737441877964,0.8177333955022558,0.04341124774794322,0.004933591225220244,0.001641731943389842,0.043395699646106706,0.001161758691897642,97,6,1,10,10,"[0, 1, 2, 3, 4, 5, 6, 7, 8, 9, 10, 11, 12, 13, 14, 15, 16, 17, 18, 19, 20, 21, 22, 23, 24, 25, 26, 27, 28, 30, 31, 32, 33, 34, 35, 36, 37, 38, 39, 40, 41, 42, 43, 44, 45, 46, 47, 48, 49, 50, 51, 52, 53, 54, 55, 56, 57, 58, 59, 60, 61, 62, 63, 64, 65, 66, 67, 68, 69, 70, 71, 72, 73, 74, 75, 76, 77, 78, 79, 80, 81, 82, 83, 84, 85, 87, 88, 89, 91, 92, 93, 94, 95, 96, 97, 98, 99]","[1, 6, 11, 16, 21, 26]",data/sampling/gemini-2.5-flash-lite_temp01.csv
gemini-2.5-flash-lite,0.1,In-group/Loyalty,0.03587074830588314,0.005584735090266163,27.877868381017038,4.340319540079198,0.8925558341317057,0.04224397379648989,0.005329446483310443,0.0016692112538502029,0.04221413295700874,0.0015875455289576625,97,6,10,10,10,"[0, 1, 2, 3, 4, 5, 6, 7, 8, 9, 10, 11, 12, 13, 14, 15, 16, 17, 18, 19, 20, 21, 22, 23, 24, 25, 26, 27, 28, 30, 31, 32, 33, 34, 35, 36, 37, 38, 39, 40, 41, 42, 43, 44, 45, 46, 47, 48, 49, 50, 51, 52, 53, 54, 55, 56, 57, 58, 59, 60, 61, 62, 63, 64, 65, 66, 67, 68, 69, 70, 71, 72, 73, 74, 75, 76, 77, 78, 79, 80, 81, 82, 83, 84, 85, 87, 88, 89, 91, 92, 93, 94, 95, 96, 97, 98, 99]","[3, 8, 13, 18, 23, 28]",data/sampling/gemini-2.5-flash-lite_temp01.csv
gemini-2.5-flash-lite,0.1,Purity/Sanctity,0.040382922229016995,0.006421042615385068,24.762942967050904,3.937404806221085,0.9097135830780442,0.05103459227023373,0.006011030524469136,0.0022577201559297413,0.050926633003446374,0.0033177792454120243,97,6,2,10,10,"[0, 1, 2, 3, 4, 5, 6, 7, 8, 9, 10, 11, 12, 13, 14, 15, 16, 17, 18, 19, 20, 21, 22, 23, 24, 25, 26, 27, 28, 30, 31, 32, 33, 34, 35, 36, 37, 38, 39, 40, 41, 42, 43, 44, 45, 46, 47, 48, 49, 50, 51, 52, 53, 54, 55, 56, 57, 58, 59, 60, 61, 62, 63, 64, 65, 66, 67, 68, 69, 70, 71, 72, 73, 74, 75, 76, 77, 78, 79, 80, 81, 82, 83, 84, 85, 87, 88, 89, 91, 92, 93, 94, 95, 96, 97, 98, 99]","[5, 10, 15, 20, 25, 30]",data/sampling/gemini-2.5-flash-lite_temp01.csv
gpt-4.1,0.1,Authority/Respect,0.071514633380474,0.007572890897573552,13.983152156842841,1.4807163329016466,0.911044275395266,0.0500430954515851,0.00725366870621167,0.0021755382890397195,0.04997734526156933,0.002564442041137007,100,6,10,10,10,"[0, 1, 2, 3, 4, 5, 6, 7, 8, 9, 10, 11, 12, 13, 14, 15, 16, 17, 18, 19, 20, 21, 22, 23, 24, 25, 26, 27, 28, 29, 30, 31, 32, 33, 34, 35, 36, 37, 38, 39, 40, 41, 42, 43, 44, 45, 46, 47, 48, 49, 50, 51, 52, 53, 54, 55, 56, 57, 58, 59, 60, 61, 62, 63, 64, 65, 66, 67, 68, 69, 70, 71, 72, 73, 74, 75, 76, 77, 78, 79, 80, 81, 82, 83, 84, 85, 86, 87, 88, 89, 90, 91, 92, 93, 94, 95, 96, 97, 98, 99]","[4, 9, 14, 19, 24, 29]",data/sampling/gpt-4.1_temp01.csv
gpt-4.1,0.1,Fairness/Reciprocity,0.04910134031090304,0.007253283358073788,20.366042834434566,3.008485687467487,0.6108698618431151,0.05535181466196106,0.007016310413616736,0.0018388876127386116,0.05531008145064429,0.0021490175185841977,100,6,10,10,10,"[0, 1, 2, 3, 4, 5, 6, 7, 8, 9, 10, 11, 12, 13, 14, 15, 16, 17, 18, 19, 20, 21, 22, 23, 24, 25, 26, 27, 28, 29, 30, 31, 32, 33, 34, 35, 36, 37, 38, 39, 40, 41, 42, 43, 44, 45, 46, 47, 48, 49, 50, 51, 52, 53, 54, 55, 56, 57, 58, 59, 60, 61, 62, 63, 64, 65, 66, 67, 68, 69, 70, 71, 72, 73, 74, 75, 76, 77, 78, 79, 80, 81, 82, 83, 84, 85, 86, 87, 88, 89, 90, 91, 92, 93, 94, 95, 96, 97, 98, 99]","[2, 7, 12, 17, 22, 27]",data/sampling/gpt-4.1_temp01.csv
gpt-4.1,0.1,Harm/Care,0.06741463115740604,0.005925314372839678,14.833575187337386,1.303776268580421,0.5982784396295401,0.04396660541530498,0.00544473460816997,0.002337566141005784,0.04389927024373014,0.0024323782216330737,100,6,10,10,10,"[0, 1, 2, 3, 4, 5, 6, 7, 8, 9, 10, 11, 12, 13, 14, 15, 16, 17, 18, 19, 20, 21, 22, 23, 24, 25, 26, 27, 28, 29, 30, 31, 32, 33, 34, 35, 36, 37, 38, 39, 40, 41, 42, 43, 44, 45, 46, 47, 48, 49, 50, 51, 52, 53, 54, 55, 56, 57, 58, 59, 60, 61, 62, 63, 64, 65, 66, 67, 68, 69, 70, 71, 72, 73, 74, 75, 76, 77, 78, 79, 80, 81, 82, 83, 84, 85, 86, 87, 88, 89, 90, 91, 92, 93, 94, 95, 96, 97, 98, 99]","[1, 6, 11, 16, 21, 26]",data/sampling/gpt-4.1_temp01.csv
gpt-4.1,0.1,In-group/Loyalty,0.0802782811544789,0.00843392556352626,12.456669296091523,1.3086805061326043,1.013210437735381,0.03887712839714582,0.008067888017307259,0.0024576987918155683,0.03881962780105239,0.0021136721117339407,100,6,9,10,10,"[0, 1, 2, 3, 4, 5, 6, 7, 8, 9, 10, 11, 12, 13, 14, 15, 16, 17, 18, 19, 20, 21, 22, 23, 24, 25, 26, 27, 28, 29, 30, 31, 32, 33, 34, 35, 36, 37, 38, 39, 40, 41, 42, 43, 44, 45, 46, 47, 48, 49, 50, 51, 52, 53, 54, 55, 56, 57, 58, 59, 60, 61, 62, 63, 64, 65, 66, 67, 68, 69, 70, 71, 72, 73, 74, 75, 76, 77, 78, 79, 80, 81, 82, 83, 84, 85, 86, 87, 88, 89, 90, 91, 92, 93, 94, 95, 96, 97, 98, 99]","[3, 8, 13, 18, 23, 28]",data/sampling/gpt-4.1_temp01.csv
gpt-4.1,0.1,Purity/Sanctity,0.07691296204961132,0.00730384347877917,13.00170963842178,1.2346742294792052,0.9726698427361029,0.06668918577017963,0.006945078238449061,0.0022609771835041363,0.06665030981980045,0.002276773948845213,100,6,9,10,10,"[0, 1, 2, 3, 4, 5, 6, 7, 8, 9, 10, 11, 12, 13, 14, 15, 16, 17, 18, 19, 20, 21, 22, 23, 24, 25, 26, 27, 28, 29, 30, 31, 32, 33, 34, 35, 36, 37, 38, 39, 40, 41, 42, 43, 44, 45, 46, 47, 48, 49, 50, 51, 52, 53, 54, 55, 56, 57, 58, 59, 60, 61, 62, 63, 64, 65, 66, 67, 68, 69, 70, 71, 72, 73, 74, 75, 76, 77, 78, 79, 80, 81, 82, 83, 84, 85, 86, 87, 88, 89, 90, 91, 92, 93, 94, 95, 96, 97, 98, 99]","[5, 10, 15, 20, 25, 30]",data/sampling/gpt-4.1_temp01.csv
gpt-4.1-mini,0.1,Authority/Respect,0.10302248783136027,0.008184142717637503,9.706618632981582,0.7710972028557332,0.8934315421926344,0.04742843287992191,0.007794348892504842,0.0024956597052818593,0.04737699928197328,0.002208208432453954,100,6,10,10,10,"[0, 1, 2, 3, 4, 5, 6, 7, 8, 9, 10, 11, 12, 13, 14, 15, 16, 17, 18, 19, 20, 21, 22, 23, 24, 25, 26, 27, 28, 29, 30, 31, 32, 33, 34, 35, 36, 37, 38, 39, 40, 41, 42, 43, 44, 45, 46, 47, 48, 49, 50, 51, 52, 53, 54, 55, 56, 57, 58, 59, 60, 61, 62, 63, 64, 65, 66, 67, 68, 69, 70, 71, 72, 73, 74, 75, 76, 77, 78, 79, 80, 81, 82, 83, 84, 85, 86, 87, 88, 89, 90, 91, 92, 93, 94, 95, 96, 97, 98, 99]","[4, 9, 14, 19, 24, 29]",data/sampling/gpt-4.1-mini_temp01.csv
gpt-4.1-mini,0.1,Fairness/Reciprocity,0.06434031251351961,0.006981787706890811,15.542355343547227,1.6865542182578797,0.6184991516088425,0.05177394620462388,0.00665299011140624,0.0021173290159118958,0.05167345078738647,0.003224281210260162,100,6,10,10,10,"[0, 1, 2, 3, 4, 5, 6, 7, 8, 9, 10, 11, 12, 13, 14, 15, 16, 17, 18, 19, 20, 21, 22, 23, 24, 25, 26, 27, 28, 29, 30, 31, 32, 33, 34, 35, 36, 37, 38, 39, 40, 41, 42, 43, 44, 45, 46, 47, 48, 49, 50, 51, 52, 53, 54, 55, 56, 57, 58, 59, 60, 61, 62, 63, 64, 65, 66, 67, 68, 69, 70, 71, 72, 73, 74, 75, 76, 77, 78, 79, 80, 81, 82, 83, 84, 85, 86, 87, 88, 89, 90, 91, 92, 93, 94, 95, 96, 97, 98, 99]","[2, 7, 12, 17, 22, 27]",data/sampling/gpt-4.1-mini_temp01.csv
gpt-4.1-mini,0.1,Harm/Care,0.08028647428588714,0.007645014947456796,12.455398109015995,1.1860242409061743,0.6890989262603034,0.041458046113058644,0.007292614959225993,0.002294345353975967,0.041342680333068066,0.003090690924412211,100,6,10,10,10,"[0, 1, 2, 3, 4, 5, 6, 7, 8, 9, 10, 11, 12, 13, 14, 15, 16, 17, 18, 19, 20, 21, 22, 23, 24, 25, 26, 27, 28, 29, 30, 31, 32, 33, 34, 35, 36, 37, 38, 39, 40, 41, 42, 43, 44, 45, 46, 47, 48, 49, 50, 51, 52, 53, 54, 55, 56, 57, 58, 59, 60, 61, 62, 63, 64, 65, 66, 67, 68, 69, 70, 71, 72, 73, 74, 75, 76, 77, 78, 79, 80, 81, 82, 83, 84, 85, 86, 87, 88, 89, 90, 91, 92, 93, 94, 95, 96, 97, 98, 99]","[1, 6, 11, 16, 21, 26]",data/sampling/gpt-4.1-mini_temp01.csv
gpt-4.1-mini,0.1,In-group/Loyalty,0.08590071654983333,0.008413370397789563,11.641346430677013,1.1401879214063575,0.9737576427289062,0.040537017864384614,0.008063477475155857,0.002401069024009065,0.04047146179564014,0.0023044733588127994,100,6,10,10,10,"[0, 1, 2, 3, 4, 5, 6, 7, 8, 9, 10, 11, 12, 13, 14, 15, 16, 17, 18, 19, 20, 21, 22, 23, 24, 25, 26, 27, 28, 29, 30, 31, 32, 33, 34, 35, 36, 37, 38, 39, 40, 41, 42, 43, 44, 45, 46, 47, 48, 49, 50, 51, 52, 53, 54, 55, 56, 57, 58, 59, 60, 61, 62, 63, 64, 65, 66, 67, 68, 69, 70, 71, 72, 73, 74, 75, 76, 77, 78, 79, 80, 81, 82, 83, 84, 85, 86, 87, 88, 89, 90, 91, 92, 93, 94, 95, 96, 97, 98, 99]","[3, 8, 13, 18, 23, 28]",data/sampling/gpt-4.1-mini_temp01.csv
gpt-4.1-mini,0.1,Purity/Sanctity,0.10850495475091256,0.00949885395242323,9.216168997034577,0.8068114816014526,0.95780801479314,0.06316737055633906,0.009051097671199215,0.0028819884378460943,0.06311296213167886,0.002621204678601357,100,6,10,10,10,"[0, 1, 2, 3, 4, 5, 6, 7, 8, 9, 10, 11, 12, 13, 14, 15, 16, 17, 18, 19, 20, 21, 22, 23, 24, 25, 26, 27, 28, 29, 30, 31, 32, 33, 34, 35, 36, 37, 38, 39, 40, 41, 42, 43, 44, 45, 46, 47, 48, 49, 50, 51, 52, 53, 54, 55, 56, 57, 58, 59, 60, 61, 62, 63, 64, 65, 66, 67, 68, 69, 70, 71, 72, 73, 74, 75, 76, 77, 78, 79, 80, 81, 82, 83, 84, 85, 86, 87, 88, 89, 90, 91, 92, 93, 94, 95, 96, 97, 98, 99]","[5, 10, 15, 20, 25, 30]",data/sampling/gpt-4.1-mini_temp01.csv
gpt-4.1-mini,0.4,Authority/Respect,0.1867321254840203,0.008948264210615543,5.355264914421892,0.2566260371528162,0.8795429652526213,0.04725392012743579,0.008774820282779606,0.001753271624108096,0.047235162086650566,0.0013313264280146644,100,6,50,50,50,"[0, 1, 2, 3, 4, 5, 6, 7, 8, 9, 10, 11, 12, 13, 14, 15, 16, 17, 18, 19, 20, 21, 22, 23, 24, 25, 26, 27, 28, 29, 30, 31, 32, 33, 34, 35, 36, 37, 38, 39, 40, 41, 42, 43, 44, 45, 46, 47, 48, 49, 50, 51, 52, 53, 54, 55, 56, 57, 58, 59, 60, 61, 62, 63, 64, 65, 66, 67, 68, 69, 70, 71, 72, 73, 74, 75, 76, 77, 78, 79, 80, 81, 82, 83, 84, 85, 86, 87, 88, 89, 90, 91, 92, 93, 94, 95, 96, 97, 98, 99]","[4, 9, 14, 19, 24, 29]",data/sampling/gpt-4.1-mini_temp04.csv
gpt-4.1-mini,0.4,Fairness/Reciprocity,0.1072060205794331,0.00926445910123415,9.32783433798908,0.8060866289067917,0.6092651464877078,0.05430739339600624,0.009173618378003463,0.0012941902075032808,0.054280410221477574,0.0017117370290716462,100,6,50,50,100,"[0, 1, 2, 3, 4, 5, 6, 7, 8, 9, 10, 11, 12, 13, 14, 15, 16, 17, 18, 19, 20, 21, 22, 23, 24, 25, 26, 27, 28, 29, 30, 31, 32, 33, 34, 35, 36, 37, 38, 39, 40, 41, 42, 43, 44, 45, 46, 47, 48, 49, 50, 51, 52, 53, 54, 55, 56, 57, 58, 59, 60, 61, 62, 63, 64, 65, 66, 67, 68, 69, 70, 71, 72, 73, 74, 75, 76, 77, 78, 79, 80, 81, 82, 83, 84, 85, 86, 87, 88, 89, 90, 91, 92, 93, 94, 95, 96, 97, 98, 99]","[2, 7, 12, 17, 22, 27]",data/sampling/gpt-4.1-mini_temp04.csv
gpt-4.1-mini,0.4,Harm/Care,0.12435875946770625,0.008585654751000168,8.041251008616584,0.5551631844964019,0.6864509524002785,0.04504722320708339,0.008476137494913754,0.0013669530608945363,0.04501986863937758,0.001569632556358077,100,6,50,50,100,"[0, 1, 2, 3, 4, 5, 6, 7, 8, 9, 10, 11, 12, 13, 14, 15, 16, 17, 18, 19, 20, 21, 22, 23, 24, 25, 26, 27, 28, 29, 30, 31, 32, 33, 34, 35, 36, 37, 38, 39, 40, 41, 42, 43, 44, 45, 46, 47, 48, 49, 50, 51, 52, 53, 54, 55, 56, 57, 58, 59, 60, 61, 62, 63, 64, 65, 66, 67, 68, 69, 70, 71, 72, 73, 74, 75, 76, 77, 78, 79, 80, 81, 82, 83, 84, 85, 86, 87, 88, 89, 90, 91, 92, 93, 94, 95, 96, 97, 98, 99]","[1, 6, 11, 16, 21, 26]",data/sampling/gpt-4.1-mini_temp04.csv
gpt-4.1-mini,0.4,In-group/Loyalty,0.14820746326330603,0.009372918320875176,6.747298536669477,0.42671183136309276,0.9655460722441123,0.04168492243450107,0.009247213991126319,0.001529912171372976,0.041661683246884115,0.001391728208619056,100,6,50,50,86,"[0, 1, 2, 3, 4, 5, 6, 7, 8, 9, 10, 11, 12, 13, 14, 15, 16, 17, 18, 19, 20, 21, 22, 23, 24, 25, 26, 27, 28, 29, 30, 31, 32, 33, 34, 35, 36, 37, 38, 39, 40, 41, 42, 43, 44, 45, 46, 47, 48, 49, 50, 51, 52, 53, 54, 55, 56, 57, 58, 59, 60, 61, 62, 63, 64, 65, 66, 67, 68, 69, 70, 71, 72, 73, 74, 75, 76, 77, 78, 79, 80, 81, 82, 83, 84, 85, 86, 87, 88, 89, 90, 91, 92, 93, 94, 95, 96, 97, 98, 99]","[3, 8, 13, 18, 23, 28]",data/sampling/gpt-4.1-mini_temp04.csv
gpt-4.1-mini,0.4,Purity/Sanctity,0.19028897797054684,0.009877413996117957,5.2551651213071375,0.2727821762180274,0.9459422942187395,0.06486158120550754,0.009725571662062291,0.0017252718906879058,0.06483700806653395,0.0017852454898030694,100,6,50,50,50,"[0, 1, 2, 3, 4, 5, 6, 7, 8, 9, 10, 11, 12, 13, 14, 15, 16, 17, 18, 19, 20, 21, 22, 23, 24, 25, 26, 27, 28, 29, 30, 31, 32, 33, 34, 35, 36, 37, 38, 39, 40, 41, 42, 43, 44, 45, 46, 47, 48, 49, 50, 51, 52, 53, 54, 55, 56, 57, 58, 59, 60, 61, 62, 63, 64, 65, 66, 67, 68, 69, 70, 71, 72, 73, 74, 75, 76, 77, 78, 79, 80, 81, 82, 83, 84, 85, 86, 87, 88, 89, 90, 91, 92, 93, 94, 95, 96, 97, 98, 99]","[5, 10, 15, 20, 25, 30]",data/sampling/gpt-4.1-mini_temp04.csv
gpt-4.1-mini,0.8,Authority/Respect,0.23906275185616485,0.009347550267961871,4.183002129088109,0.16355882448876077,0.868461007305496,0.04873540901200746,0.009161989536755703,0.0018532791857820735,0.048709696934875424,0.0015828822066866932,100,6,50,50,50,"[0, 1, 2, 3, 4, 5, 6, 7, 8, 9, 10, 11, 12, 13, 14, 15, 16, 17, 18, 19, 20, 21, 22, 23, 24, 25, 26, 27, 28, 29, 30, 31, 32, 33, 34, 35, 36, 37, 38, 39, 40, 41, 42, 43, 44, 45, 46, 47, 48, 49, 50, 51, 52, 53, 54, 55, 56, 57, 58, 59, 60, 61, 62, 63, 64, 65, 66, 67, 68, 69, 70, 71, 72, 73, 74, 75, 76, 77, 78, 79, 80, 81, 82, 83, 84, 85, 86, 87, 88, 89, 90, 91, 92, 93, 94, 95, 96, 97, 98, 99]","[4, 9, 14, 19, 24, 29]",data/sampling/gpt-4.1-mini_temp08.csv
gpt-4.1-mini,0.8,Fairness/Reciprocity,0.13623143391951675,0.010603828087438994,7.340449786286352,0.5713576182736467,0.6057718811431232,0.053716311755063535,0.010500948067472,0.0014735195255632682,0.05368020105097008,0.0019693053837856974,100,6,50,50,50,"[0, 1, 2, 3, 4, 5, 6, 7, 8, 9, 10, 11, 12, 13, 14, 15, 16, 17, 18, 19, 20, 21, 22, 23, 24, 25, 26, 27, 28, 29, 30, 31, 32, 33, 34, 35, 36, 37, 38, 39, 40, 41, 42, 43, 44, 45, 46, 47, 48, 49, 50, 51, 52, 53, 54, 55, 56, 57, 58, 59, 60, 61, 62, 63, 64, 65, 66, 67, 68, 69, 70, 71, 72, 73, 74, 75, 76, 77, 78, 79, 80, 81, 82, 83, 84, 85, 86, 87, 88, 89, 90, 91, 92, 93, 94, 95, 96, 97, 98, 99]","[2, 7, 12, 17, 22, 27]",data/sampling/gpt-4.1-mini_temp08.csv
gpt-4.1-mini,0.8,Harm/Care,0.16206165989494542,0.009619196140441592,6.170490914681722,0.366250490273965,0.6810020774021779,0.04433476427224443,0.009494616534249226,0.0015431109019923546,0.04429723994566182,0.0018236930311715466,100,6,50,50,50,"[0, 1, 2, 3, 4, 5, 6, 7, 8, 9, 10, 11, 12, 13, 14, 15, 16, 17, 18, 19, 20, 21, 22, 23, 24, 25, 26, 27, 28, 29, 30, 31, 32, 33, 34, 35, 36, 37, 38, 39, 40, 41, 42, 43, 44, 45, 46, 47, 48, 49, 50, 51, 52, 53, 54, 55, 56, 57, 58, 59, 60, 61, 62, 63, 64, 65, 66, 67, 68, 69, 70, 71, 72, 73, 74, 75, 76, 77, 78, 79, 80, 81, 82, 83, 84, 85, 86, 87, 88, 89, 90, 91, 92, 93, 94, 95, 96, 97, 98, 99]","[1, 6, 11, 16, 21, 26]",data/sampling/gpt-4.1-mini_temp08.csv
gpt-4.1-mini,0.8,In-group/Loyalty,0.1906534201928335,0.010065064363072262,5.245119646888922,0.2769028050194731,0.9653763812825179,0.041718729916176436,0.00989897060244339,0.0018209617362121573,0.041690399295460014,0.0015372157961657765,100,6,50,50,50,"[0, 1, 2, 3, 4, 5, 6, 7, 8, 9, 10, 11, 12, 13, 14, 15, 16, 17, 18, 19, 20, 21, 22, 23, 24, 25, 26, 27, 28, 29, 30, 31, 32, 33, 34, 35, 36, 37, 38, 39, 40, 41, 42, 43, 44, 45, 46, 47, 48, 49, 50, 51, 52, 53, 54, 55, 56, 57, 58, 59, 60, 61, 62, 63, 64, 65, 66, 67, 68, 69, 70, 71, 72, 73, 74, 75, 76, 77, 78, 79, 80, 81, 82, 83, 84, 85, 86, 87, 88, 89, 90, 91, 92, 93, 94, 95, 96, 97, 98, 99]","[3, 8, 13, 18, 23, 28]",data/sampling/gpt-4.1-mini_temp08.csv
gpt-4.1-mini,0.8,Purity/Sanctity,0.24405437451261947,0.00913714455239825,4.097447554451815,0.15340421852983854,0.9350370189748468,0.06592605548786513,0.008920995928733279,0.001975662473942671,0.06589998142492295,0.0018539796071914809,100,6,50,50,50,"[0, 1, 2, 3, 4, 5, 6, 7, 8, 9, 10, 11, 12, 13, 14, 15, 16, 17, 18, 19, 20, 21, 22, 23, 24, 25, 26, 27, 28, 29, 30, 31, 32, 33, 34, 35, 36, 37, 38, 39, 40, 41, 42, 43, 44, 45, 46, 47, 48, 49, 50, 51, 52, 53, 54, 55, 56, 57, 58, 59, 60, 61, 62, 63, 64, 65, 66, 67, 68, 69, 70, 71, 72, 73, 74, 75, 76, 77, 78, 79, 80, 81, 82, 83, 84, 85, 86, 87, 88, 89, 90, 91, 92, 93, 94, 95, 96, 97, 98, 99]","[5, 10, 15, 20, 25, 30]",data/sampling/gpt-4.1-mini_temp08.csv
gpt-4.1-mini,1.2,Authority/Respect,0.2874965604595314,0.010433806615020193,3.47830248265096,0.1262343291847252,0.8638478236991615,0.047879665816523004,0.010216417587737774,0.0021187572188906987,0.047848254400870656,0.0017340557924944051,100,6,50,50,50,"[0, 1, 2, 3, 4, 5, 6, 7, 8, 9, 10, 11, 12, 13, 14, 15, 16, 17, 18, 19, 20, 21, 22, 23, 24, 25, 26, 27, 28, 29, 30, 31, 32, 33, 34, 35, 36, 37, 38, 39, 40, 41, 42, 43, 44, 45, 46, 47, 48, 49, 50, 51, 52, 53, 54, 55, 56, 57, 58, 59, 60, 61, 62, 63, 64, 65, 66, 67, 68, 69, 70, 71, 72, 73, 74, 75, 76, 77, 78, 79, 80, 81, 82, 83, 84, 85, 86, 87, 88, 89, 90, 91, 92, 93, 94, 95, 96, 97, 98, 99]","[4, 9, 14, 19, 24, 29]",data/sampling/gpt-4.1-mini_temp12.csv
gpt-4.1-mini,1.2,Fairness/Reciprocity,0.1697561385164698,0.0115184173478675,5.890803176481183,0.3997070744765482,0.6018558799719428,0.05328723693962738,0.011400063834168705,0.0016469616803476918,0.0532339679050865,0.002382075091219614,100,6,50,50,50,"[0, 1, 2, 3, 4, 5, 6, 7, 8, 9, 10, 11, 12, 13, 14, 15, 16, 17, 18, 19, 20, 21, 22, 23, 24, 25, 26, 27, 28, 29, 30, 31, 32, 33, 34, 35, 36, 37, 38, 39, 40, 41, 42, 43, 44, 45, 46, 47, 48, 49, 50, 51, 52, 53, 54, 55, 56, 57, 58, 59, 60, 61, 62, 63, 64, 65, 66, 67, 68, 69, 70, 71, 72, 73, 74, 75, 76, 77, 78, 79, 80, 81, 82, 83, 84, 85, 86, 87, 88, 89, 90, 91, 92, 93, 94, 95, 96, 97, 98, 99]","[2, 7, 12, 17, 22, 27]",data/sampling/gpt-4.1-mini_temp12.csv
gpt-4.1-mini,1.2,Harm/Care,0.1950779255187014,0.010873583610109379,5.126156623518809,0.28573039464172584,0.6744559869240385,0.04422872931434923,0.010744800647098162,0.0016685561363520972,0.04417100771386162,0.002258887846696255,100,6,50,50,50,"[0, 1, 2, 3, 4, 5, 6, 7, 8, 9, 10, 11, 12, 13, 14, 15, 16, 17, 18, 19, 20, 21, 22, 23, 24, 25, 26, 27, 28, 29, 30, 31, 32, 33, 34, 35, 36, 37, 38, 39, 40, 41, 42, 43, 44, 45, 46, 47, 48, 49, 50, 51, 52, 53, 54, 55, 56, 57, 58, 59, 60, 61, 62, 63, 64, 65, 66, 67, 68, 69, 70, 71, 72, 73, 74, 75, 76, 77, 78, 79, 80, 81, 82, 83, 84, 85, 86, 87, 88, 89, 90, 91, 92, 93, 94, 95, 96, 97, 98, 99]","[1, 6, 11, 16, 21, 26]",data/sampling/gpt-4.1-mini_temp12.csv
gpt-4.1-mini,1.2,In-group/Loyalty,0.23970415139446355,0.01040169917069257,4.171809266475211,0.1810310949349084,0.9602781856903425,0.0406469961833635,0.010199254234223683,0.002042194580165358,0.04061054479137175,0.001721031806317404,100,6,50,50,50,"[0, 1, 2, 3, 4, 5, 6, 7, 8, 9, 10, 11, 12, 13, 14, 15, 16, 17, 18, 19, 20, 21, 22, 23, 24, 25, 26, 27, 28, 29, 30, 31, 32, 33, 34, 35, 36, 37, 38, 39, 40, 41, 42, 43, 44, 45, 46, 47, 48, 49, 50, 51, 52, 53, 54, 55, 56, 57, 58, 59, 60, 61, 62, 63, 64, 65, 66, 67, 68, 69, 70, 71, 72, 73, 74, 75, 76, 77, 78, 79, 80, 81, 82, 83, 84, 85, 86, 87, 88, 89, 90, 91, 92, 93, 94, 95, 96, 97, 98, 99]","[3, 8, 13, 18, 23, 28]",data/sampling/gpt-4.1-mini_temp12.csv
gpt-4.1-mini,1.2,Purity/Sanctity,0.30863088527825056,0.00954729691529629,3.240116422886309,0.10023090690205551,0.9244406398270139,0.06596867262171015,0.009274441194717391,0.0022661903968014545,0.06593537296367001,0.002095795699037138,100,6,50,50,50,"[0, 1, 2, 3, 4, 5, 6, 7, 8, 9, 10, 11, 12, 13, 14, 15, 16, 17, 18, 19, 20, 21, 22, 23, 24, 25, 26, 27, 28, 29, 30, 31, 32, 33, 34, 35, 36, 37, 38, 39, 40, 41, 42, 43, 44, 45, 46, 47, 48, 49, 50, 51, 52, 53, 54, 55, 56, 57, 58, 59, 60, 61, 62, 63, 64, 65, 66, 67, 68, 69, 70, 71, 72, 73, 74, 75, 76, 77, 78, 79, 80, 81, 82, 83, 84, 85, 86, 87, 88, 89, 90, 91, 92, 93, 94, 95, 96, 97, 98, 99]","[5, 10, 15, 20, 25, 30]",data/sampling/gpt-4.1-mini_temp12.csv
gpt-4.1-nano,0.1,Authority/Respect,0.08805769299673784,0.009416194262009467,11.35619121928445,1.214341404575179,0.7425123820388304,0.04966971562743425,0.008866393222748431,0.0031704551092076186,0.049595329800244135,0.0027173355543991455,100,6,10,10,10,"[0, 1, 2, 3, 4, 5, 6, 7, 8, 9, 10, 11, 12, 13, 14, 15, 16, 17, 18, 19, 20, 21, 22, 23, 24, 25, 26, 27, 28, 29, 30, 31, 32, 33, 34, 35, 36, 37, 38, 39, 40, 41, 42, 43, 44, 45, 46, 47, 48, 49, 50, 51, 52, 53, 54, 55, 56, 57, 58, 59, 60, 61, 62, 63, 64, 65, 66, 67, 68, 69, 70, 71, 72, 73, 74, 75, 76, 77, 78, 79, 80, 81, 82, 83, 84, 85, 86, 87, 88, 89, 90, 91, 92, 93, 94, 95, 96, 97, 98, 99]","[4, 9, 14, 19, 24, 29]",data/sampling/gpt-4.1-nano_temp01.csv
gpt-4.1-nano,0.1,Fairness/Reciprocity,0.06330253537766696,0.008189950073029967,15.79715558048246,2.043803059832615,0.5879363458904344,0.04950364309244784,0.007855667655919229,0.0023159809754115103,0.049446029921806696,0.0023876357335775207,100,6,10,10,10,"[0, 1, 2, 3, 4, 5, 6, 7, 8, 9, 10, 11, 12, 13, 14, 15, 16, 17, 18, 19, 20, 21, 22, 23, 24, 25, 26, 27, 28, 29, 30, 31, 32, 33, 34, 35, 36, 37, 38, 39, 40, 41, 42, 43, 44, 45, 46, 47, 48, 49, 50, 51, 52, 53, 54, 55, 56, 57, 58, 59, 60, 61, 62, 63, 64, 65, 66, 67, 68, 69, 70, 71, 72, 73, 74, 75, 76, 77, 78, 79, 80, 81, 82, 83, 84, 85, 86, 87, 88, 89, 90, 91, 92, 93, 94, 95, 96, 97, 98, 99]","[2, 7, 12, 17, 22, 27]",data/sampling/gpt-4.1-nano_temp01.csv
gpt-4.1-nano,0.1,Harm/Care,0.10742150725969675,0.01259210986103051,9.309122777270767,1.0912293051132325,0.760664804292165,0.05488122031271161,0.012056982811037877,0.0036318585113683842,0.054677933466146036,0.004719315086333707,100,6,10,10,10,"[0, 1, 2, 3, 4, 5, 6, 7, 8, 9, 10, 11, 12, 13, 14, 15, 16, 17, 18, 19, 20, 21, 22, 23, 24, 25, 26, 27, 28, 29, 30, 31, 32, 33, 34, 35, 36, 37, 38, 39, 40, 41, 42, 43, 44, 45, 46, 47, 48, 49, 50, 51, 52, 53, 54, 55, 56, 57, 58, 59, 60, 61, 62, 63, 64, 65, 66, 67, 68, 69, 70, 71, 72, 73, 74, 75, 76, 77, 78, 79, 80, 81, 82, 83, 84, 85, 86, 87, 88, 89, 90, 91, 92, 93, 94, 95, 96, 97, 98, 99]","[1, 6, 11, 16, 21, 26]",data/sampling/gpt-4.1-nano_temp01.csv
gpt-4.1-nano,0.1,In-group/Loyalty,0.06463214587446411,0.008029604317273854,15.472176986701221,1.9221930116840853,0.6830832077582781,0.05521575522561829,0.007646276844734182,0.0024513253365607756,0.05511314956308271,0.0033645758087268115,100,6,10,10,10,"[0, 1, 2, 3, 4, 5, 6, 7, 8, 9, 10, 11, 12, 13, 14, 15, 16, 17, 18, 19, 20, 21, 22, 23, 24, 25, 26, 27, 28, 29, 30, 31, 32, 33, 34, 35, 36, 37, 38, 39, 40, 41, 42, 43, 44, 45, 46, 47, 48, 49, 50, 51, 52, 53, 54, 55, 56, 57, 58, 59, 60, 61, 62, 63, 64, 65, 66, 67, 68, 69, 70, 71, 72, 73, 74, 75, 76, 77, 78, 79, 80, 81, 82, 83, 84, 85, 86, 87, 88, 89, 90, 91, 92, 93, 94, 95, 96, 97, 98, 99]","[3, 8, 13, 18, 23, 28]",data/sampling/gpt-4.1-nano_temp01.csv
gpt-4.1-nano,0.1,Purity/Sanctity,0.08386409325926994,0.01012444802541366,11.924054278014443,1.4395251066119925,0.8406085374211741,0.05899040239505023,0.009734313849239944,0.002783447808707395,0.05885199964551179,0.004038528501153336,100,6,10,10,10,"[0, 1, 2, 3, 4, 5, 6, 7, 8, 9, 10, 11, 12, 13, 14, 15, 16, 17, 18, 19, 20, 21, 22, 23, 24, 25, 26, 27, 28, 29, 30, 31, 32, 33, 34, 35, 36, 37, 38, 39, 40, 41, 42, 43, 44, 45, 46, 47, 48, 49, 50, 51, 52, 53, 54, 55, 56, 57, 58, 59, 60, 61, 62, 63, 64, 65, 66, 67, 68, 69, 70, 71, 72, 73, 74, 75, 76, 77, 78, 79, 80, 81, 82, 83, 84, 85, 86, 87, 88, 89, 90, 91, 92, 93, 94, 95, 96, 97, 98, 99]","[5, 10, 15, 20, 25, 30]",data/sampling/gpt-4.1-nano_temp01.csv
gpt-4.1-nano,0.4,Authority/Respect,0.17356445005750407,0.010281615475690325,5.761548517963717,0.34130276324794684,0.7318354307234065,0.05090875843588057,0.010111114380904184,0.0018646669317139094,0.050875651504062556,0.001835693198772265,100,6,50,50,50,"[0, 1, 2, 3, 4, 5, 6, 7, 8, 9, 10, 11, 12, 13, 14, 15, 16, 17, 18, 19, 20, 21, 22, 23, 24, 25, 26, 27, 28, 29, 30, 31, 32, 33, 34, 35, 36, 37, 38, 39, 40, 41, 42, 43, 44, 45, 46, 47, 48, 49, 50, 51, 52, 53, 54, 55, 56, 57, 58, 59, 60, 61, 62, 63, 64, 65, 66, 67, 68, 69, 70, 71, 72, 73, 74, 75, 76, 77, 78, 79, 80, 81, 82, 83, 84, 85, 86, 87, 88, 89, 90, 91, 92, 93, 94, 95, 96, 97, 98, 99]","[4, 9, 14, 19, 24, 29]",data/sampling/gpt-4.1-nano_temp04.csv
gpt-4.1-nano,0.4,Fairness/Reciprocity,0.12049079918866272,0.0104304947666722,8.299388888891132,0.7184509767970867,0.5732043257557776,0.05126841620639666,0.01028103589313861,0.0017594095718654332,0.051243423180593425,0.0016006501950570032,100,6,50,50,50,"[0, 1, 2, 3, 4, 5, 6, 7, 8, 9, 10, 11, 12, 13, 14, 15, 16, 17, 18, 19, 20, 21, 22, 23, 24, 25, 26, 27, 28, 29, 30, 31, 32, 33, 34, 35, 36, 37, 38, 39, 40, 41, 42, 43, 44, 45, 46, 47, 48, 49, 50, 51, 52, 53, 54, 55, 56, 57, 58, 59, 60, 61, 62, 63, 64, 65, 66, 67, 68, 69, 70, 71, 72, 73, 74, 75, 76, 77, 78, 79, 80, 81, 82, 83, 84, 85, 86, 87, 88, 89, 90, 91, 92, 93, 94, 95, 96, 97, 98, 99]","[2, 7, 12, 17, 22, 27]",data/sampling/gpt-4.1-nano_temp04.csv
gpt-4.1-nano,0.4,Harm/Care,0.17159258203917568,0.012936231341486807,5.827757751041322,0.43935012559226816,0.7365844708114597,0.05357529322866757,0.012780493266034296,0.002001267897438416,0.053515665705686936,0.002526968265506325,100,6,50,50,77,"[0, 1, 2, 3, 4, 5, 6, 7, 8, 9, 10, 11, 12, 13, 14, 15, 16, 17, 18, 19, 20, 21, 22, 23, 24, 25, 26, 27, 28, 29, 30, 31, 32, 33, 34, 35, 36, 37, 38, 39, 40, 41, 42, 43, 44, 45, 46, 47, 48, 49, 50, 51, 52, 53, 54, 55, 56, 57, 58, 59, 60, 61, 62, 63, 64, 65, 66, 67, 68, 69, 70, 71, 72, 73, 74, 75, 76, 77, 78, 79, 80, 81, 82, 83, 84, 85, 86, 87, 88, 89, 90, 91, 92, 93, 94, 95, 96, 97, 98, 99]","[1, 6, 11, 16, 21, 26]",data/sampling/gpt-4.1-nano_temp04.csv
gpt-4.1-nano,0.4,In-group/Loyalty,0.12014086850024451,0.010642148488482538,8.323562268887416,0.7373060202111843,0.6668854287913936,0.05447018858252024,0.010520391855865828,0.0016052039278369285,0.054426198278485084,0.002188694854552769,100,6,50,50,50,"[0, 1, 2, 3, 4, 5, 6, 7, 8, 9, 10, 11, 12, 13, 14, 15, 16, 17, 18, 19, 20, 21, 22, 23, 24, 25, 26, 27, 28, 29, 30, 31, 32, 33, 34, 35, 36, 37, 38, 39, 40, 41, 42, 43, 44, 45, 46, 47, 48, 49, 50, 51, 52, 53, 54, 55, 56, 57, 58, 59, 60, 61, 62, 63, 64, 65, 66, 67, 68, 69, 70, 71, 72, 73, 74, 75, 76, 77, 78, 79, 80, 81, 82, 83, 84, 85, 86, 87, 88, 89, 90, 91, 92, 93, 94, 95, 96, 97, 98, 99]","[3, 8, 13, 18, 23, 28]",data/sampling/gpt-4.1-nano_temp04.csv
gpt-4.1-nano,0.4,Purity/Sanctity,0.16670411258864462,0.013283796843591145,5.998652249615328,0.4780018715907127,0.8131585696665105,0.05409619966713567,0.013134344021085539,0.0019870243374394375,0.054047705699007145,0.002290049584642297,100,6,50,50,50,"[0, 1, 2, 3, 4, 5, 6, 7, 8, 9, 10, 11, 12, 13, 14, 15, 16, 17, 18, 19, 20, 21, 22, 23, 24, 25, 26, 27, 28, 29, 30, 31, 32, 33, 34, 35, 36, 37, 38, 39, 40, 41, 42, 43, 44, 45, 46, 47, 48, 49, 50, 51, 52, 53, 54, 55, 56, 57, 58, 59, 60, 61, 62, 63, 64, 65, 66, 67, 68, 69, 70, 71, 72, 73, 74, 75, 76, 77, 78, 79, 80, 81, 82, 83, 84, 85, 86, 87, 88, 89, 90, 91, 92, 93, 94, 95, 96, 97, 98, 99]","[5, 10, 15, 20, 25, 30]",data/sampling/gpt-4.1-nano_temp04.csv
gpt-4.1-nano,0.8,Authority/Respect,0.27464721459376723,0.012492669018430193,3.6410345594769913,0.16561697049609944,0.6979667332464287,0.04821106725439868,0.012282488137229243,0.0022819431112252792,0.048156206772995445,0.002299294466713725,100,6,50,50,100,"[0, 1, 2, 3, 4, 5, 6, 7, 8, 9, 10, 11, 12, 13, 14, 15, 16, 17, 18, 19, 20, 21, 22, 23, 24, 25, 26, 27, 28, 29, 30, 31, 32, 33, 34, 35, 36, 37, 38, 39, 40, 41, 42, 43, 44, 45, 46, 47, 48, 49, 50, 51, 52, 53, 54, 55, 56, 57, 58, 59, 60, 61, 62, 63, 64, 65, 66, 67, 68, 69, 70, 71, 72, 73, 74, 75, 76, 77, 78, 79, 80, 81, 82, 83, 84, 85, 86, 87, 88, 89, 90, 91, 92, 93, 94, 95, 96, 97, 98, 99]","[4, 9, 14, 19, 24, 29]",data/sampling/gpt-4.1-nano_temp08.csv
gpt-4.1-nano,0.8,Fairness/Reciprocity,0.20932669475187404,0.01232978300127227,4.777221563572446,0.2813884072342835,0.5502227979920078,0.05025801976695515,0.012136094920004201,0.002176866773854297,0.050208838261764206,0.0022228610617080393,100,6,50,50,100,"[0, 1, 2, 3, 4, 5, 6, 7, 8, 9, 10, 11, 12, 13, 14, 15, 16, 17, 18, 19, 20, 21, 22, 23, 24, 25, 26, 27, 28, 29, 30, 31, 32, 33, 34, 35, 36, 37, 38, 39, 40, 41, 42, 43, 44, 45, 46, 47, 48, 49, 50, 51, 52, 53, 54, 55, 56, 57, 58, 59, 60, 61, 62, 63, 64, 65, 66, 67, 68, 69, 70, 71, 72, 73, 74, 75, 76, 77, 78, 79, 80, 81, 82, 83, 84, 85, 86, 87, 88, 89, 90, 91, 92, 93, 94, 95, 96, 97, 98, 99]","[2, 7, 12, 17, 22, 27]",data/sampling/gpt-4.1-nano_temp08.csv
gpt-4.1-nano,0.8,Harm/Care,0.25267099624498923,0.01459680455678326,3.9577158235858705,0.22863726041653704,0.7163997997515071,0.05493920892949136,0.014367194187380847,0.0025788436267091793,0.05484480306375585,0.003219356254927366,100,6,50,50,100,"[0, 1, 2, 3, 4, 5, 6, 7, 8, 9, 10, 11, 12, 13, 14, 15, 16, 17, 18, 19, 20, 21, 22, 23, 24, 25, 26, 27, 28, 29, 30, 31, 32, 33, 34, 35, 36, 37, 38, 39, 40, 41, 42, 43, 44, 45, 46, 47, 48, 49, 50, 51, 52, 53, 54, 55, 56, 57, 58, 59, 60, 61, 62, 63, 64, 65, 66, 67, 68, 69, 70, 71, 72, 73, 74, 75, 76, 77, 78, 79, 80, 81, 82, 83, 84, 85, 86, 87, 88, 89, 90, 91, 92, 93, 94, 95, 96, 97, 98, 99]","[1, 6, 11, 16, 21, 26]",data/sampling/gpt-4.1-nano_temp08.csv
gpt-4.1-nano,0.8,In-group/Loyalty,0.19118418468161077,0.013668678338772696,5.230558174387454,0.37395780062563433,0.6542698124617169,0.05202668965142882,0.013524707496031216,0.0019786497101889743,0.05196774429327634,0.002475881490446388,100,6,50,50,100,"[0, 1, 2, 3, 4, 5, 6, 7, 8, 9, 10, 11, 12, 13, 14, 15, 16, 17, 18, 19, 20, 21, 22, 23, 24, 25, 26, 27, 28, 29, 30, 31, 32, 33, 34, 35, 36, 37, 38, 39, 40, 41, 42, 43, 44, 45, 46, 47, 48, 49, 50, 51, 52, 53, 54, 55, 56, 57, 58, 59, 60, 61, 62, 63, 64, 65, 66, 67, 68, 69, 70, 71, 72, 73, 74, 75, 76, 77, 78, 79, 80, 81, 82, 83, 84, 85, 86, 87, 88, 89, 90, 91, 92, 93, 94, 95, 96, 97, 98, 99]","[3, 8, 13, 18, 23, 28]",data/sampling/gpt-4.1-nano_temp08.csv
gpt-4.1-nano,0.8,Purity/Sanctity,0.27451680879453955,0.01588877722633355,3.6427641877056933,0.21083979855616378,0.7931128217805385,0.05129847407505791,0.015703456834709195,0.002419645674159875,0.05120715092682024,0.0030595974224138594,100,6,50,50,100,"[0, 1, 2, 3, 4, 5, 6, 7, 8, 9, 10, 11, 12, 13, 14, 15, 16, 17, 18, 19, 20, 21, 22, 23, 24, 25, 26, 27, 28, 29, 30, 31, 32, 33, 34, 35, 36, 37, 38, 39, 40, 41, 42, 43, 44, 45, 46, 47, 48, 49, 50, 51, 52, 53, 54, 55, 56, 57, 58, 59, 60, 61, 62, 63, 64, 65, 66, 67, 68, 69, 70, 71, 72, 73, 74, 75, 76, 77, 78, 79, 80, 81, 82, 83, 84, 85, 86, 87, 88, 89, 90, 91, 92, 93, 94, 95, 96, 97, 98, 99]","[5, 10, 15, 20, 25, 30]",data/sampling/gpt-4.1-nano_temp08.csv
gpt-4.1-nano,1.2,Authority/Respect,0.370344355481522,0.013773046746294124,2.7001896618615917,0.10041961727302573,0.6821471372846722,0.047144599443546854,0.013508481476313977,0.002686586101297574,0.04705745054587839,0.002865240795236574,100,6,50,50,50,"[0, 1, 2, 3, 4, 5, 6, 7, 8, 9, 10, 11, 12, 13, 14, 15, 16, 17, 18, 19, 20, 21, 22, 23, 24, 25, 26, 27, 28, 29, 30, 31, 32, 33, 34, 35, 36, 37, 38, 39, 40, 41, 42, 43, 44, 45, 46, 47, 48, 49, 50, 51, 52, 53, 54, 55, 56, 57, 58, 59, 60, 61, 62, 63, 64, 65, 66, 67, 68, 69, 70, 71, 72, 73, 74, 75, 76, 77, 78, 79, 80, 81, 82, 83, 84, 85, 86, 87, 88, 89, 90, 91, 92, 93, 94, 95, 96, 97, 98, 99]","[4, 9, 14, 19, 24, 29]",data/sampling/gpt-4.1-nano_temp12.csv
gpt-4.1-nano,1.2,Fairness/Reciprocity,0.28903342131725007,0.013144931500323965,3.459807504068451,0.1573483524431863,0.528243255964045,0.048718639963152295,0.012940258756542413,0.002310611923698276,0.04863945049016071,0.0027766411137316164,100,6,50,50,50,"[0, 1, 2, 3, 4, 5, 6, 7, 8, 9, 10, 11, 12, 13, 14, 15, 16, 17, 18, 19, 20, 21, 22, 23, 24, 25, 26, 27, 28, 29, 30, 31, 32, 33, 34, 35, 36, 37, 38, 39, 40, 41, 42, 43, 44, 45, 46, 47, 48, 49, 50, 51, 52, 53, 54, 55, 56, 57, 58, 59, 60, 61, 62, 63, 64, 65, 66, 67, 68, 69, 70, 71, 72, 73, 74, 75, 76, 77, 78, 79, 80, 81, 82, 83, 84, 85, 86, 87, 88, 89, 90, 91, 92, 93, 94, 95, 96, 97, 98, 99]","[2, 7, 12, 17, 22, 27]",data/sampling/gpt-4.1-nano_temp12.csv
gpt-4.1-nano,1.2,Harm/Care,0.3393444226473944,0.01576511094252905,2.946858510885499,0.13690383060846384,0.6957021282171988,0.053781894936064945,0.015523812793049933,0.0027477189442496612,0.05366284629693892,0.00357647175649926,100,6,50,50,50,"[0, 1, 2, 3, 4, 5, 6, 7, 8, 9, 10, 11, 12, 13, 14, 15, 16, 17, 18, 19, 20, 21, 22, 23, 24, 25, 26, 27, 28, 29, 30, 31, 32, 33, 34, 35, 36, 37, 38, 39, 40, 41, 42, 43, 44, 45, 46, 47, 48, 49, 50, 51, 52, 53, 54, 55, 56, 57, 58, 59, 60, 61, 62, 63, 64, 65, 66, 67, 68, 69, 70, 71, 72, 73, 74, 75, 76, 77, 78, 79, 80, 81, 82, 83, 84, 85, 86, 87, 88, 89, 90, 91, 92, 93, 94, 95, 96, 97, 98, 99]","[1, 6, 11, 16, 21, 26]",data/sampling/gpt-4.1-nano_temp12.csv
gpt-4.1-nano,1.2,In-group/Loyalty,0.272356725198007,0.014163255943883506,3.6716552501980133,0.1909355937822042,0.6451922452274,0.053115139780227805,0.013963870734995072,0.002368149705635108,0.05302674968866898,0.003062987320963322,100,6,50,50,50,"[0, 1, 2, 3, 4, 5, 6, 7, 8, 9, 10, 11, 12, 13, 14, 15, 16, 17, 18, 19, 20, 21, 22, 23, 24, 25, 26, 27, 28, 29, 30, 31, 32, 33, 34, 35, 36, 37, 38, 39, 40, 41, 42, 43, 44, 45, 46, 47, 48, 49, 50, 51, 52, 53, 54, 55, 56, 57, 58, 59, 60, 61, 62, 63, 64, 65, 66, 67, 68, 69, 70, 71, 72, 73, 74, 75, 76, 77, 78, 79, 80, 81, 82, 83, 84, 85, 86, 87, 88, 89, 90, 91, 92, 93, 94, 95, 96, 97, 98, 99]","[3, 8, 13, 18, 23, 28]",data/sampling/gpt-4.1-nano_temp12.csv
gpt-4.1-nano,1.2,Purity/Sanctity,0.38136766572553343,0.016020732730246914,2.622141544426816,0.11015257096906608,0.7743477660165773,0.049868157850792176,0.015762968079880313,0.002862291831151942,0.04974985802566468,0.003432898754366772,100,6,50,50,50,"[0, 1, 2, 3, 4, 5, 6, 7, 8, 9, 10, 11, 12, 13, 14, 15, 16, 17, 18, 19, 20, 21, 22, 23, 24, 25, 26, 27, 28, 29, 30, 31, 32, 33, 34, 35, 36, 37, 38, 39, 40, 41, 42, 43, 44, 45, 46, 47, 48, 49, 50, 51, 52, 53, 54, 55, 56, 57, 58, 59, 60, 61, 62, 63, 64, 65, 66, 67, 68, 69, 70, 71, 72, 73, 74, 75, 76, 77, 78, 79, 80, 81, 82, 83, 84, 85, 86, 87, 88, 89, 90, 91, 92, 93, 94, 95, 96, 97, 98, 99]","[5, 10, 15, 20, 25, 30]",data/sampling/gpt-4.1-nano_temp12.csv
gpt-4o,0.1,Authority/Respect,0.0970631601702406,0.007757786951425568,10.302569978620976,0.8234343782554848,0.8070769512939496,0.04238773975609228,0.007198571731652415,0.002892027560028353,0.0422946125769937,0.0028082429724317908,100,6,10,10,10,"[0, 1, 2, 3, 4, 5, 6, 7, 8, 9, 10, 11, 12, 13, 14, 15, 16, 17, 18, 19, 20, 21, 22, 23, 24, 25, 26, 27, 28, 29, 30, 31, 32, 33, 34, 35, 36, 37, 38, 39, 40, 41, 42, 43, 44, 45, 46, 47, 48, 49, 50, 51, 52, 53, 54, 55, 56, 57, 58, 59, 60, 61, 62, 63, 64, 65, 66, 67, 68, 69, 70, 71, 72, 73, 74, 75, 76, 77, 78, 79, 80, 81, 82, 83, 84, 85, 86, 87, 88, 89, 90, 91, 92, 93, 94, 95, 96, 97, 98, 99]","[4, 9, 14, 19, 24, 29]",data/sampling/gpt-4o_temp01.csv
gpt-4o,0.1,Fairness/Reciprocity,0.09596539672570356,0.008610446142482768,10.42042271609927,0.9349670989777171,0.6348897803014218,0.04578509946251779,0.008271678781489288,0.0023914666856254276,0.04569886548525387,0.0028087410263887844,100,6,10,10,10,"[0, 1, 2, 3, 4, 5, 6, 7, 8, 9, 10, 11, 12, 13, 14, 15, 16, 17, 18, 19, 20, 21, 22, 23, 24, 25, 26, 27, 28, 29, 30, 31, 32, 33, 34, 35, 36, 37, 38, 39, 40, 41, 42, 43, 44, 45, 46, 47, 48, 49, 50, 51, 52, 53, 54, 55, 56, 57, 58, 59, 60, 61, 62, 63, 64, 65, 66, 67, 68, 69, 70, 71, 72, 73, 74, 75, 76, 77, 78, 79, 80, 81, 82, 83, 84, 85, 86, 87, 88, 89, 90, 91, 92, 93, 94, 95, 96, 97, 98, 99]","[2, 7, 12, 17, 22, 27]",data/sampling/gpt-4o_temp01.csv
gpt-4o,0.1,Harm/Care,0.08587509274734413,0.008461930173997784,11.644820028807796,1.1474532465711942,0.6611093164587922,0.04489201005240725,0.008097267126398166,0.0024573415215158327,0.04473565878321547,0.0037434475790573047,100,6,10,10,10,"[0, 1, 2, 3, 4, 5, 6, 7, 8, 9, 10, 11, 12, 13, 14, 15, 16, 17, 18, 19, 20, 21, 22, 23, 24, 25, 26, 27, 28, 29, 30, 31, 32, 33, 34, 35, 36, 37, 38, 39, 40, 41, 42, 43, 44, 45, 46, 47, 48, 49, 50, 51, 52, 53, 54, 55, 56, 57, 58, 59, 60, 61, 62, 63, 64, 65, 66, 67, 68, 69, 70, 71, 72, 73, 74, 75, 76, 77, 78, 79, 80, 81, 82, 83, 84, 85, 86, 87, 88, 89, 90, 91, 92, 93, 94, 95, 96, 97, 98, 99]","[1, 6, 11, 16, 21, 26]",data/sampling/gpt-4o_temp01.csv
gpt-4o,0.1,In-group/Loyalty,0.10511372941006993,0.008266315882244479,9.513505092173046,0.7481576258458763,0.9408673509189046,0.037388088939037396,0.007823613220471549,0.002668905101630652,0.037310420989322454,0.002408667704955795,100,6,10,10,10,"[0, 1, 2, 3, 4, 5, 6, 7, 8, 9, 10, 11, 12, 13, 14, 15, 16, 17, 18, 19, 20, 21, 22, 23, 24, 25, 26, 27, 28, 29, 30, 31, 32, 33, 34, 35, 36, 37, 38, 39, 40, 41, 42, 43, 44, 45, 46, 47, 48, 49, 50, 51, 52, 53, 54, 55, 56, 57, 58, 59, 60, 61, 62, 63, 64, 65, 66, 67, 68, 69, 70, 71, 72, 73, 74, 75, 76, 77, 78, 79, 80, 81, 82, 83, 84, 85, 86, 87, 88, 89, 90, 91, 92, 93, 94, 95, 96, 97, 98, 99]","[3, 8, 13, 18, 23, 28]",data/sampling/gpt-4o_temp01.csv
gpt-4o,0.1,Purity/Sanctity,0.1287549414781674,0.009605716473039453,7.766692202408146,0.579431300835545,0.9232134252360517,0.058909745720120976,0.009098235521372188,0.0030808926235853904,0.058844389979212784,0.002774150101136172,100,6,10,10,10,"[0, 1, 2, 3, 4, 5, 6, 7, 8, 9, 10, 11, 12, 13, 14, 15, 16, 17, 18, 19, 20, 21, 22, 23, 24, 25, 26, 27, 28, 29, 30, 31, 32, 33, 34, 35, 36, 37, 38, 39, 40, 41, 42, 43, 44, 45, 46, 47, 48, 49, 50, 51, 52, 53, 54, 55, 56, 57, 58, 59, 60, 61, 62, 63, 64, 65, 66, 67, 68, 69, 70, 71, 72, 73, 74, 75, 76, 77, 78, 79, 80, 81, 82, 83, 84, 85, 86, 87, 88, 89, 90, 91, 92, 93, 94, 95, 96, 97, 98, 99]","[5, 10, 15, 20, 25, 30]",data/sampling/gpt-4o_temp01.csv
gpt-4o-mini,0.1,Authority/Respect,0.08754975485152562,0.008682130748197951,11.422076528893607,1.1327040493483373,0.7337065277587295,0.04085986841362012,0.008220071410879663,0.0027946055766141925,0.04072310291458725,0.003340319713184142,100,6,10,10,10,"[0, 1, 2, 3, 4, 5, 6, 7, 8, 9, 10, 11, 12, 13, 14, 15, 16, 17, 18, 19, 20, 21, 22, 23, 24, 25, 26, 27, 28, 29, 30, 31, 32, 33, 34, 35, 36, 37, 38, 39, 40, 41, 42, 43, 44, 45, 46, 47, 48, 49, 50, 51, 52, 53, 54, 55, 56, 57, 58, 59, 60, 61, 62, 63, 64, 65, 66, 67, 68, 69, 70, 71, 72, 73, 74, 75, 76, 77, 78, 79, 80, 81, 82, 83, 84, 85, 86, 87, 88, 89, 90, 91, 92, 93, 94, 95, 96, 97, 98, 99]","[4, 9, 14, 19, 24, 29]",data/sampling/gpt-4o-mini_temp01.csv
gpt-4o-mini,0.1,Fairness/Reciprocity,0.058352078659545774,0.006471238227436134,17.137350081982223,1.9005299813657472,0.5324489253100929,0.04862663517902304,0.006119928059747224,0.0021031891830620795,0.04856973160524621,0.0023517696800809396,100,6,10,10,10,"[0, 1, 2, 3, 4, 5, 6, 7, 8, 9, 10, 11, 12, 13, 14, 15, 16, 17, 18, 19, 20, 21, 22, 23, 24, 25, 26, 27, 28, 29, 30, 31, 32, 33, 34, 35, 36, 37, 38, 39, 40, 41, 42, 43, 44, 45, 46, 47, 48, 49, 50, 51, 52, 53, 54, 55, 56, 57, 58, 59, 60, 61, 62, 63, 64, 65, 66, 67, 68, 69, 70, 71, 72, 73, 74, 75, 76, 77, 78, 79, 80, 81, 82, 83, 84, 85, 86, 87, 88, 89, 90, 91, 92, 93, 94, 95, 96, 97, 98, 99]","[2, 7, 12, 17, 22, 27]",data/sampling/gpt-4o-mini_temp01.csv
gpt-4o-mini,0.1,Harm/Care,0.05043260787344579,0.0062310961921567464,19.828441204336936,2.449861898769704,0.5015018950622521,0.053349148182797984,0.005909122810842137,0.001977075456904826,0.053233003981706994,0.003518365943688215,100,6,10,10,10,"[0, 1, 2, 3, 4, 5, 6, 7, 8, 9, 10, 11, 12, 13, 14, 15, 16, 17, 18, 19, 20, 21, 22, 23, 24, 25, 26, 27, 28, 29, 30, 31, 32, 33, 34, 35, 36, 37, 38, 39, 40, 41, 42, 43, 44, 45, 46, 47, 48, 49, 50, 51, 52, 53, 54, 55, 56, 57, 58, 59, 60, 61, 62, 63, 64, 65, 66, 67, 68, 69, 70, 71, 72, 73, 74, 75, 76, 77, 78, 79, 80, 81, 82, 83, 84, 85, 86, 87, 88, 89, 90, 91, 92, 93, 94, 95, 96, 97, 98, 99]","[1, 6, 11, 16, 21, 26]",data/sampling/gpt-4o-mini_temp01.csv
gpt-4o-mini,0.1,In-group/Loyalty,0.07250072044498308,0.007460926057773086,13.792966385194013,1.4194107546196575,0.7070053068626015,0.03907762703004406,0.007073933415834658,0.0023716837200384163,0.03899428989491539,0.002550743007542981,100,6,10,10,10,"[0, 1, 2, 3, 4, 5, 6, 7, 8, 9, 10, 11, 12, 13, 14, 15, 16, 17, 18, 19, 20, 21, 22, 23, 24, 25, 26, 27, 28, 29, 30, 31, 32, 33, 34, 35, 36, 37, 38, 39, 40, 41, 42, 43, 44, 45, 46, 47, 48, 49, 50, 51, 52, 53, 54, 55, 56, 57, 58, 59, 60, 61, 62, 63, 64, 65, 66, 67, 68, 69, 70, 71, 72, 73, 74, 75, 76, 77, 78, 79, 80, 81, 82, 83, 84, 85, 86, 87, 88, 89, 90, 91, 92, 93, 94, 95, 96, 97, 98, 99]","[3, 8, 13, 18, 23, 28]",data/sampling/gpt-4o-mini_temp01.csv
gpt-4o-mini,0.1,Purity/Sanctity,0.11993391676632692,0.01010829671028702,8.3379249753708,0.7027388237755279,0.839308068682485,0.05668065307699364,0.009451697277628852,0.0035837244530324487,0.05653985058356826,0.003992709508877973,100,6,10,10,10,"[0, 1, 2, 3, 4, 5, 6, 7, 8, 9, 10, 11, 12, 13, 14, 15, 16, 17, 18, 19, 20, 21, 22, 23, 24, 25, 26, 27, 28, 29, 30, 31, 32, 33, 34, 35, 36, 37, 38, 39, 40, 41, 42, 43, 44, 45, 46, 47, 48, 49, 50, 51, 52, 53, 54, 55, 56, 57, 58, 59, 60, 61, 62, 63, 64, 65, 66, 67, 68, 69, 70, 71, 72, 73, 74, 75, 76, 77, 78, 79, 80, 81, 82, 83, 84, 85, 86, 87, 88, 89, 90, 91, 92, 93, 94, 95, 96, 97, 98, 99]","[5, 10, 15, 20, 25, 30]",data/sampling/gpt-4o-mini_temp01.csv
gpt-4o-mini,0.4,Authority/Respect,0.2383133873807238,0.010004043010747397,4.19615536915861,0.17614838702190688,0.7008173205531892,0.04362867145316288,0.009743705426596827,0.002267395228139854,0.04357384627423964,0.0021865254713728903,100,6,50,50,50,"[0, 1, 2, 3, 4, 5, 6, 7, 8, 9, 10, 11, 12, 13, 14, 15, 16, 17, 18, 19, 20, 21, 22, 23, 24, 25, 26, 27, 28, 29, 30, 31, 32, 33, 34, 35, 36, 37, 38, 39, 40, 41, 42, 43, 44, 45, 46, 47, 48, 49, 50, 51, 52, 53, 54, 55, 56, 57, 58, 59, 60, 61, 62, 63, 64, 65, 66, 67, 68, 69, 70, 71, 72, 73, 74, 75, 76, 77, 78, 79, 80, 81, 82, 83, 84, 85, 86, 87, 88, 89, 90, 91, 92, 93, 94, 95, 96, 97, 98, 99]","[4, 9, 14, 19, 24, 29]",data/sampling/gpt-4o-mini_temp04.csv
gpt-4o-mini,0.4,Fairness/Reciprocity,0.13208868460253245,0.007965530239618886,7.570671197227045,0.45654486254583815,0.5149080467555324,0.04732187195262086,0.007807091057315692,0.0015808229569006936,0.04729109820920653,0.001706339728022396,100,6,50,50,50,"[0, 1, 2, 3, 4, 5, 6, 7, 8, 9, 10, 11, 12, 13, 14, 15, 16, 17, 18, 19, 20, 21, 22, 23, 24, 25, 26, 27, 28, 29, 30, 31, 32, 33, 34, 35, 36, 37, 38, 39, 40, 41, 42, 43, 44, 45, 46, 47, 48, 49, 50, 51, 52, 53, 54, 55, 56, 57, 58, 59, 60, 61, 62, 63, 64, 65, 66, 67, 68, 69, 70, 71, 72, 73, 74, 75, 76, 77, 78, 79, 80, 81, 82, 83, 84, 85, 86, 87, 88, 89, 90, 91, 92, 93, 94, 95, 96, 97, 98, 99]","[2, 7, 12, 17, 22, 27]",data/sampling/gpt-4o-mini_temp04.csv
gpt-4o-mini,0.4,Harm/Care,0.12332623997514897,0.00814787635371359,8.10857446234886,0.5357145578865553,0.4890811690876953,0.05749220012150911,0.008000735837192447,0.001541465257107511,0.05744147171935154,0.002414622439759322,100,6,50,50,50,"[0, 1, 2, 3, 4, 5, 6, 7, 8, 9, 10, 11, 12, 13, 14, 15, 16, 17, 18, 19, 20, 21, 22, 23, 24, 25, 26, 27, 28, 29, 30, 31, 32, 33, 34, 35, 36, 37, 38, 39, 40, 41, 42, 43, 44, 45, 46, 47, 48, 49, 50, 51, 52, 53, 54, 55, 56, 57, 58, 59, 60, 61, 62, 63, 64, 65, 66, 67, 68, 69, 70, 71, 72, 73, 74, 75, 76, 77, 78, 79, 80, 81, 82, 83, 84, 85, 86, 87, 88, 89, 90, 91, 92, 93, 94, 95, 96, 97, 98, 99]","[1, 6, 11, 16, 21, 26]",data/sampling/gpt-4o-mini_temp04.csv
gpt-4o-mini,0.4,In-group/Loyalty,0.19155968672926713,0.009070673604227118,5.220305049951915,0.24719023105072666,0.6917772980521422,0.042394079582902165,0.008895837072018884,0.0017723437653336491,0.0423558303337937,0.0018004500593806355,100,6,50,50,50,"[0, 1, 2, 3, 4, 5, 6, 7, 8, 9, 10, 11, 12, 13, 14, 15, 16, 17, 18, 19, 20, 21, 22, 23, 24, 25, 26, 27, 28, 29, 30, 31, 32, 33, 34, 35, 36, 37, 38, 39, 40, 41, 42, 43, 44, 45, 46, 47, 48, 49, 50, 51, 52, 53, 54, 55, 56, 57, 58, 59, 60, 61, 62, 63, 64, 65, 66, 67, 68, 69, 70, 71, 72, 73, 74, 75, 76, 77, 78, 79, 80, 81, 82, 83, 84, 85, 86, 87, 88, 89, 90, 91, 92, 93, 94, 95, 96, 97, 98, 99]","[3, 8, 13, 18, 23, 28]",data/sampling/gpt-4o-mini_temp04.csv
gpt-4o-mini,0.4,Purity/Sanctity,0.28695826153768117,0.012074208078880686,3.4848273565690238,0.14662944498172242,0.8039276930014848,0.05802403868802945,0.011818351879598989,0.0024724602286157566,0.057966406821964495,0.002585487540184001,100,6,50,50,50,"[0, 1, 2, 3, 4, 5, 6, 7, 8, 9, 10, 11, 12, 13, 14, 15, 16, 17, 18, 19, 20, 21, 22, 23, 24, 25, 26, 27, 28, 29, 30, 31, 32, 33, 34, 35, 36, 37, 38, 39, 40, 41, 42, 43, 44, 45, 46, 47, 48, 49, 50, 51, 52, 53, 54, 55, 56, 57, 58, 59, 60, 61, 62, 63, 64, 65, 66, 67, 68, 69, 70, 71, 72, 73, 74, 75, 76, 77, 78, 79, 80, 81, 82, 83, 84, 85, 86, 87, 88, 89, 90, 91, 92, 93, 94, 95, 96, 97, 98, 99]","[5, 10, 15, 20, 25, 30]",data/sampling/gpt-4o-mini_temp04.csv
gpt-4o-mini,0.8,Authority/Respect,0.39736541616885307,0.011907096531999875,2.516575321630578,0.07540944446954793,0.6743796425298512,0.04192909907885448,0.011619696698340936,0.0026003069935929117,0.04183715473002023,0.0027752177681655455,100,6,50,50,50,"[0, 1, 2, 3, 4, 5, 6, 7, 8, 9, 10, 11, 12, 13, 14, 15, 16, 17, 18, 19, 20, 21, 22, 23, 24, 25, 26, 27, 28, 29, 30, 31, 32, 33, 34, 35, 36, 37, 38, 39, 40, 41, 42, 43, 44, 45, 46, 47, 48, 49, 50, 51, 52, 53, 54, 55, 56, 57, 58, 59, 60, 61, 62, 63, 64, 65, 66, 67, 68, 69, 70, 71, 72, 73, 74, 75, 76, 77, 78, 79, 80, 81, 82, 83, 84, 85, 86, 87, 88, 89, 90, 91, 92, 93, 94, 95, 96, 97, 98, 99]","[4, 9, 14, 19, 24, 29]",data/sampling/gpt-4o-mini_temp08.csv
gpt-4o-mini,0.8,Fairness/Reciprocity,0.2263238772425323,0.009789830771798175,4.418446750664243,0.19112365204335383,0.4975512057202143,0.05233148117047977,0.009597294344840242,0.0019320268628939788,0.05226820336137121,0.0025727104132843934,100,6,50,50,50,"[0, 1, 2, 3, 4, 5, 6, 7, 8, 9, 10, 11, 12, 13, 14, 15, 16, 17, 18, 19, 20, 21, 22, 23, 24, 25, 26, 27, 28, 29, 30, 31, 32, 33, 34, 35, 36, 37, 38, 39, 40, 41, 42, 43, 44, 45, 46, 47, 48, 49, 50, 51, 52, 53, 54, 55, 56, 57, 58, 59, 60, 61, 62, 63, 64, 65, 66, 67, 68, 69, 70, 71, 72, 73, 74, 75, 76, 77, 78, 79, 80, 81, 82, 83, 84, 85, 86, 87, 88, 89, 90, 91, 92, 93, 94, 95, 96, 97, 98, 99]","[2, 7, 12, 17, 22, 27]",data/sampling/gpt-4o-mini_temp08.csv
gpt-4o-mini,0.8,Harm/Care,0.20049272448106717,0.009799347366339955,4.9877121605698544,0.24378103570215798,0.47369623033713043,0.055388401886919084,0.009588055174358123,0.0020239581961241783,0.05531471109205843,0.0028561863365280655,100,6,50,50,50,"[0, 1, 2, 3, 4, 5, 6, 7, 8, 9, 10, 11, 12, 13, 14, 15, 16, 17, 18, 19, 20, 21, 22, 23, 24, 25, 26, 27, 28, 29, 30, 31, 32, 33, 34, 35, 36, 37, 38, 39, 40, 41, 42, 43, 44, 45, 46, 47, 48, 49, 50, 51, 52, 53, 54, 55, 56, 57, 58, 59, 60, 61, 62, 63, 64, 65, 66, 67, 68, 69, 70, 71, 72, 73, 74, 75, 76, 77, 78, 79, 80, 81, 82, 83, 84, 85, 86, 87, 88, 89, 90, 91, 92, 93, 94, 95, 96, 97, 98, 99]","[1, 6, 11, 16, 21, 26]",data/sampling/gpt-4o-mini_temp08.csv
gpt-4o-mini,0.8,In-group/Loyalty,0.31019002424742964,0.010137666124870942,3.2238303034604647,0.1053615935554845,0.6831754903669621,0.04314995019609465,0.009904428249405994,0.0021620766664770057,0.04308982739784847,0.0022770544018702187,100,6,50,50,50,"[0, 1, 2, 3, 4, 5, 6, 7, 8, 9, 10, 11, 12, 13, 14, 15, 16, 17, 18, 19, 20, 21, 22, 23, 24, 25, 26, 27, 28, 29, 30, 31, 32, 33, 34, 35, 36, 37, 38, 39, 40, 41, 42, 43, 44, 45, 46, 47, 48, 49, 50, 51, 52, 53, 54, 55, 56, 57, 58, 59, 60, 61, 62, 63, 64, 65, 66, 67, 68, 69, 70, 71, 72, 73, 74, 75, 76, 77, 78, 79, 80, 81, 82, 83, 84, 85, 86, 87, 88, 89, 90, 91, 92, 93, 94, 95, 96, 97, 98, 99]","[3, 8, 13, 18, 23, 28]",data/sampling/gpt-4o-mini_temp08.csv
gpt-4o-mini,0.8,Purity/Sanctity,0.44640957582092566,0.014137977334755567,2.240095316416652,0.07094475236771156,0.7612245678054661,0.05485040436696371,0.013913617891189122,0.0025087128763659054,0.054747550777773366,0.003357460804619864,100,6,50,50,50,"[0, 1, 2, 3, 4, 5, 6, 7, 8, 9, 10, 11, 12, 13, 14, 15, 16, 17, 18, 19, 20, 21, 22, 23, 24, 25, 26, 27, 28, 29, 30, 31, 32, 33, 34, 35, 36, 37, 38, 39, 40, 41, 42, 43, 44, 45, 46, 47, 48, 49, 50, 51, 52, 53, 54, 55, 56, 57, 58, 59, 60, 61, 62, 63, 64, 65, 66, 67, 68, 69, 70, 71, 72, 73, 74, 75, 76, 77, 78, 79, 80, 81, 82, 83, 84, 85, 86, 87, 88, 89, 90, 91, 92, 93, 94, 95, 96, 97, 98, 99]","[5, 10, 15, 20, 25, 30]",data/sampling/gpt-4o-mini_temp08.csv
gpt-4o-mini,1.2,Authority/Respect,0.5165125936174165,0.011560028542954189,1.9360612158485047,0.04333083683278585,0.6536964743516924,0.03976008609437417,0.011202213732587278,0.0028538863683315254,0.039622557735368095,0.003304143571255354,100,6,50,50,50,"[0, 1, 2, 3, 4, 5, 6, 7, 8, 9, 10, 11, 12, 13, 14, 15, 16, 17, 18, 19, 20, 21, 22, 23, 24, 25, 26, 27, 28, 29, 30, 31, 32, 33, 34, 35, 36, 37, 38, 39, 40, 41, 42, 43, 44, 45, 46, 47, 48, 49, 50, 51, 52, 53, 54, 55, 56, 57, 58, 59, 60, 61, 62, 63, 64, 65, 66, 67, 68, 69, 70, 71, 72, 73, 74, 75, 76, 77, 78, 79, 80, 81, 82, 83, 84, 85, 86, 87, 88, 89, 90, 91, 92, 93, 94, 95, 96, 97, 98, 99]","[4, 9, 14, 19, 24, 29]",data/sampling/gpt-4o-mini_temp12.csv
gpt-4o-mini,1.2,Fairness/Reciprocity,0.2990805378255387,0.01083982419675706,3.3435809874841325,0.12118418120904047,0.48671103969294566,0.04773204127444638,0.010613450099323758,0.002203739005818145,0.047640236107590446,0.002958997776019429,100,6,50,50,50,"[0, 1, 2, 3, 4, 5, 6, 7, 8, 9, 10, 11, 12, 13, 14, 15, 16, 17, 18, 19, 20, 21, 22, 23, 24, 25, 26, 27, 28, 29, 30, 31, 32, 33, 34, 35, 36, 37, 38, 39, 40, 41, 42, 43, 44, 45, 46, 47, 48, 49, 50, 51, 52, 53, 54, 55, 56, 57, 58, 59, 60, 61, 62, 63, 64, 65, 66, 67, 68, 69, 70, 71, 72, 73, 74, 75, 76, 77, 78, 79, 80, 81, 82, 83, 84, 85, 86, 87, 88, 89, 90, 91, 92, 93, 94, 95, 96, 97, 98, 99]","[2, 7, 12, 17, 22, 27]",data/sampling/gpt-4o-mini_temp12.csv
gpt-4o-mini,1.2,Harm/Care,0.2784930597163593,0.01145746298230059,3.5907537552945983,0.14772694253762036,0.4587702246346415,0.057012364590881985,0.011260027869712488,0.002117836245814664,0.05690116451310955,0.003559100068232945,100,6,50,50,50,"[0, 1, 2, 3, 4, 5, 6, 7, 8, 9, 10, 11, 12, 13, 14, 15, 16, 17, 18, 19, 20, 21, 22, 23, 24, 25, 26, 27, 28, 29, 30, 31, 32, 33, 34, 35, 36, 37, 38, 39, 40, 41, 42, 43, 44, 45, 46, 47, 48, 49, 50, 51, 52, 53, 54, 55, 56, 57, 58, 59, 60, 61, 62, 63, 64, 65, 66, 67, 68, 69, 70, 71, 72, 73, 74, 75, 76, 77, 78, 79, 80, 81, 82, 83, 84, 85, 86, 87, 88, 89, 90, 91, 92, 93, 94, 95, 96, 97, 98, 99]","[1, 6, 11, 16, 21, 26]",data/sampling/gpt-4o-mini_temp12.csv
gpt-4o-mini,1.2,In-group/Loyalty,0.40559757526509344,0.010739697258525228,2.4654979738141005,0.06528318571176038,0.6716792510206459,0.04508099977171227,0.01045991217868638,0.0024354331070556346,0.044977194211997404,0.0030575384271319278,100,6,50,50,50,"[0, 1, 2, 3, 4, 5, 6, 7, 8, 9, 10, 11, 12, 13, 14, 15, 16, 17, 18, 19, 20, 21, 22, 23, 24, 25, 26, 27, 28, 29, 30, 31, 32, 33, 34, 35, 36, 37, 38, 39, 40, 41, 42, 43, 44, 45, 46, 47, 48, 49, 50, 51, 52, 53, 54, 55, 56, 57, 58, 59, 60, 61, 62, 63, 64, 65, 66, 67, 68, 69, 70, 71, 72, 73, 74, 75, 76, 77, 78, 79, 80, 81, 82, 83, 84, 85, 86, 87, 88, 89, 90, 91, 92, 93, 94, 95, 96, 97, 98, 99]","[3, 8, 13, 18, 23, 28]",data/sampling/gpt-4o-mini_temp12.csv
gpt-4o-mini,1.2,Purity/Sanctity,0.5628353848263923,0.015027496904677798,1.7767184277307868,0.04743772583069552,0.7411522007376193,0.05377134040119172,0.01474555113181972,0.002897306514504638,0.05362392418224151,0.003978919933606022,100,6,50,50,50,"[0, 1, 2, 3, 4, 5, 6, 7, 8, 9, 10, 11, 12, 13, 14, 15, 16, 17, 18, 19, 20, 21, 22, 23, 24, 25, 26, 27, 28, 29, 30, 31, 32, 33, 34, 35, 36, 37, 38, 39, 40, 41, 42, 43, 44, 45, 46, 47, 48, 49, 50, 51, 52, 53, 54, 55, 56, 57, 58, 59, 60, 61, 62, 63, 64, 65, 66, 67, 68, 69, 70, 71, 72, 73, 74, 75, 76, 77, 78, 79, 80, 81, 82, 83, 84, 85, 86, 87, 88, 89, 90, 91, 92, 93, 94, 95, 96, 97, 98, 99]","[5, 10, 15, 20, 25, 30]",data/sampling/gpt-4o-mini_temp12.csv
gpt-5,1.0,Authority/Respect,0.21266517975166535,0.009053038238790938,4.702227234226712,0.20017119402738154,0.7080035196648055,0.043620846240009316,0.00812118837293565,0.004000475067327096,0.04347836507026097,0.00352278263758154,100,6,10,10,10,"[0, 1, 2, 3, 4, 5, 6, 7, 8, 9, 10, 11, 12, 13, 14, 15, 16, 17, 18, 19, 20, 21, 22, 23, 24, 25, 26, 27, 28, 29, 30, 31, 32, 33, 34, 35, 36, 37, 38, 39, 40, 41, 42, 43, 44, 45, 46, 47, 48, 49, 50, 51, 52, 53, 54, 55, 56, 57, 58, 59, 60, 61, 62, 63, 64, 65, 66, 67, 68, 69, 70, 71, 72, 73, 74, 75, 76, 77, 78, 79, 80, 81, 82, 83, 84, 85, 86, 87, 88, 89, 90, 91, 92, 93, 94, 95, 96, 97, 98, 99]","[4, 9, 14, 19, 24, 29]",data/sampling/gpt-5_temp10.csv
gpt-5,1.0,Fairness/Reciprocity,0.12060061929340568,0.010764548146651703,8.291831384108647,0.7401107778808536,0.39391647467450114,0.028604466788228727,0.010096944240265745,0.0037319182481060638,0.028367508737991633,0.0036742302920269847,100,6,10,10,10,"[0, 1, 2, 3, 4, 5, 6, 7, 8, 9, 10, 11, 12, 13, 14, 15, 16, 17, 18, 19, 20, 21, 22, 23, 24, 25, 26, 27, 28, 29, 30, 31, 32, 33, 34, 35, 36, 37, 38, 39, 40, 41, 42, 43, 44, 45, 46, 47, 48, 49, 50, 51, 52, 53, 54, 55, 56, 57, 58, 59, 60, 61, 62, 63, 64, 65, 66, 67, 68, 69, 70, 71, 72, 73, 74, 75, 76, 77, 78, 79, 80, 81, 82, 83, 84, 85, 86, 87, 88, 89, 90, 91, 92, 93, 94, 95, 96, 97, 98, 99]","[2, 7, 12, 17, 22, 27]",data/sampling/gpt-5_temp10.csv
gpt-5,1.0,Harm/Care,0.11196045060527209,0.009642665489898082,8.931725395832867,0.7692505681607924,0.39508463234759805,0.026469590938084382,0.009081912656437204,0.0032403487853805393,0.026097345386079572,0.00442355154024344,100,6,10,10,10,"[0, 1, 2, 3, 4, 5, 6, 7, 8, 9, 10, 11, 12, 13, 14, 15, 16, 17, 18, 19, 20, 21, 22, 23, 24, 25, 26, 27, 28, 29, 30, 31, 32, 33, 34, 35, 36, 37, 38, 39, 40, 41, 42, 43, 44, 45, 46, 47, 48, 49, 50, 51, 52, 53, 54, 55, 56, 57, 58, 59, 60, 61, 62, 63, 64, 65, 66, 67, 68, 69, 70, 71, 72, 73, 74, 75, 76, 77, 78, 79, 80, 81, 82, 83, 84, 85, 86, 87, 88, 89, 90, 91, 92, 93, 94, 95, 96, 97, 98, 99]","[1, 6, 11, 16, 21, 26]",data/sampling/gpt-5_temp10.csv
gpt-5,1.0,In-group/Loyalty,0.19468079692155385,0.010524371580367948,5.136613450390526,0.27768341547527664,0.7551751815558299,0.032369431874425994,0.00973573980020429,0.003997219996994742,0.03215159407587246,0.003749015637927962,100,6,10,10,10,"[0, 1, 2, 3, 4, 5, 6, 7, 8, 9, 10, 11, 12, 13, 14, 15, 16, 17, 18, 19, 20, 21, 22, 23, 24, 25, 26, 27, 28, 29, 30, 31, 32, 33, 34, 35, 36, 37, 38, 39, 40, 41, 42, 43, 44, 45, 46, 47, 48, 49, 50, 51, 52, 53, 54, 55, 56, 57, 58, 59, 60, 61, 62, 63, 64, 65, 66, 67, 68, 69, 70, 71, 72, 73, 74, 75, 76, 77, 78, 79, 80, 81, 82, 83, 84, 85, 86, 87, 88, 89, 90, 91, 92, 93, 94, 95, 96, 97, 98, 99]","[3, 8, 13, 18, 23, 28]",data/sampling/gpt-5_temp10.csv
gpt-5,1.0,Purity/Sanctity,0.20856425898150377,0.01058973326726891,4.7946853640377745,0.24344746004703052,0.7866431088511693,0.05444573050407128,0.009837494157615019,0.003919969307378853,0.05434666681156942,0.0032828914990016772,100,6,10,10,10,"[0, 1, 2, 3, 4, 5, 6, 7, 8, 9, 10, 11, 12, 13, 14, 15, 16, 17, 18, 19, 20, 21, 22, 23, 24, 25, 26, 27, 28, 29, 30, 31, 32, 33, 34, 35, 36, 37, 38, 39, 40, 41, 42, 43, 44, 45, 46, 47, 48, 49, 50, 51, 52, 53, 54, 55, 56, 57, 58, 59, 60, 61, 62, 63, 64, 65, 66, 67, 68, 69, 70, 71, 72, 73, 74, 75, 76, 77, 78, 79, 80, 81, 82, 83, 84, 85, 86, 87, 88, 89, 90, 91, 92, 93, 94, 95, 96, 97, 98, 99]","[5, 10, 15, 20, 25, 30]",data/sampling/gpt-5_temp10.csv
gpt-5-mini,1.0,Authority/Respect,0.26886515631468505,0.011517062525778617,3.7193365392039883,0.15932087319745322,0.627542391065193,0.038131699221013705,0.010638685930866768,0.004411472643808598,0.03788450887879047,0.004334797860881565,100,6,10,10,10,"[0, 1, 2, 3, 4, 5, 6, 7, 8, 9, 10, 11, 12, 13, 14, 15, 16, 17, 18, 19, 20, 21, 22, 23, 24, 25, 26, 27, 28, 29, 30, 31, 32, 33, 34, 35, 36, 37, 38, 39, 40, 41, 42, 43, 44, 45, 46, 47, 48, 49, 50, 51, 52, 53, 54, 55, 56, 57, 58, 59, 60, 61, 62, 63, 64, 65, 66, 67, 68, 69, 70, 71, 72, 73, 74, 75, 76, 77, 78, 79, 80, 81, 82, 83, 84, 85, 86, 87, 88, 89, 90, 91, 92, 93, 94, 95, 96, 97, 98, 99]","[4, 9, 14, 19, 24, 29]",data/sampling/gpt-5-mini_temp10.csv
gpt-5-mini,1.0,Fairness/Reciprocity,0.15889882872480554,0.011109239796788364,6.293312594090198,0.43999014520729474,0.4269198194516132,0.024985319863053253,0.010512935036102327,0.0035907388918213676,0.02459349720468687,0.004407505405798448,100,6,10,10,10,"[0, 1, 2, 3, 4, 5, 6, 7, 8, 9, 10, 11, 12, 13, 14, 15, 16, 17, 18, 19, 20, 21, 22, 23, 24, 25, 26, 27, 28, 29, 30, 31, 32, 33, 34, 35, 36, 37, 38, 39, 40, 41, 42, 43, 44, 45, 46, 47, 48, 49, 50, 51, 52, 53, 54, 55, 56, 57, 58, 59, 60, 61, 62, 63, 64, 65, 66, 67, 68, 69, 70, 71, 72, 73, 74, 75, 76, 77, 78, 79, 80, 81, 82, 83, 84, 85, 86, 87, 88, 89, 90, 91, 92, 93, 94, 95, 96, 97, 98, 99]","[2, 7, 12, 17, 22, 27]",data/sampling/gpt-5-mini_temp10.csv
gpt-5-mini,1.0,Harm/Care,0.16298254083383878,0.008903932643532045,6.13562652099959,0.3351966719217238,0.44564561763747784,0.030008998744850194,0.008086654402531134,0.003726397334501434,0.029747320700420368,0.003954354158995171,100,6,10,10,10,"[0, 1, 2, 3, 4, 5, 6, 7, 8, 9, 10, 11, 12, 13, 14, 15, 16, 17, 18, 19, 20, 21, 22, 23, 24, 25, 26, 27, 28, 29, 30, 31, 32, 33, 34, 35, 36, 37, 38, 39, 40, 41, 42, 43, 44, 45, 46, 47, 48, 49, 50, 51, 52, 53, 54, 55, 56, 57, 58, 59, 60, 61, 62, 63, 64, 65, 66, 67, 68, 69, 70, 71, 72, 73, 74, 75, 76, 77, 78, 79, 80, 81, 82, 83, 84, 85, 86, 87, 88, 89, 90, 91, 92, 93, 94, 95, 96, 97, 98, 99]","[1, 6, 11, 16, 21, 26]",data/sampling/gpt-5-mini_temp10.csv
gpt-5-mini,1.0,In-group/Loyalty,0.24284904707805283,0.010324580915213431,4.117784327473994,0.17506511963680318,0.6954525473712349,0.033979792696959145,0.009384934659175542,0.004303483765252874,0.03368380100475719,0.004475249892490583,100,6,10,10,10,"[0, 1, 2, 3, 4, 5, 6, 7, 8, 9, 10, 11, 12, 13, 14, 15, 16, 17, 18, 19, 20, 21, 22, 23, 24, 25, 26, 27, 28, 29, 30, 31, 32, 33, 34, 35, 36, 37, 38, 39, 40, 41, 42, 43, 44, 45, 46, 47, 48, 49, 50, 51, 52, 53, 54, 55, 56, 57, 58, 59, 60, 61, 62, 63, 64, 65, 66, 67, 68, 69, 70, 71, 72, 73, 74, 75, 76, 77, 78, 79, 80, 81, 82, 83, 84, 85, 86, 87, 88, 89, 90, 91, 92, 93, 94, 95, 96, 97, 98, 99]","[3, 8, 13, 18, 23, 28]",data/sampling/gpt-5-mini_temp10.csv
gpt-5-mini,1.0,Purity/Sanctity,0.2446454618416797,0.011728381495150101,4.087547720983853,0.19595834188150266,0.6362712971140676,0.04714876455307808,0.01088304851423146,0.0043719775311252115,0.04697696851521883,0.004021247070465895,100,6,10,10,10,"[0, 1, 2, 3, 4, 5, 6, 7, 8, 9, 10, 11, 12, 13, 14, 15, 16, 17, 18, 19, 20, 21, 22, 23, 24, 25, 26, 27, 28, 29, 30, 31, 32, 33, 34, 35, 36, 37, 38, 39, 40, 41, 42, 43, 44, 45, 46, 47, 48, 49, 50, 51, 52, 53, 54, 55, 56, 57, 58, 59, 60, 61, 62, 63, 64, 65, 66, 67, 68, 69, 70, 71, 72, 73, 74, 75, 76, 77, 78, 79, 80, 81, 82, 83, 84, 85, 86, 87, 88, 89, 90, 91, 92, 93, 94, 95, 96, 97, 98, 99]","[5, 10, 15, 20, 25, 30]",data/sampling/gpt-5-mini_temp10.csv
gpt-5-nano,1.0,Authority/Respect,0.6469488901545483,0.01831048946456551,1.5457171582149436,0.04374818192196243,0.5130175936160905,0.032591693517021875,0.01675955295955587,0.007375053154236021,0.03131893214626829,0.009019034068287383,100,6,10,10,10,"[0, 1, 2, 3, 4, 5, 6, 7, 8, 9, 10, 11, 12, 13, 14, 15, 16, 17, 18, 19, 20, 21, 22, 23, 24, 25, 26, 27, 28, 29, 30, 31, 32, 33, 34, 35, 36, 37, 38, 39, 40, 41, 42, 43, 44, 45, 46, 47, 48, 49, 50, 51, 52, 53, 54, 55, 56, 57, 58, 59, 60, 61, 62, 63, 64, 65, 66, 67, 68, 69, 70, 71, 72, 73, 74, 75, 76, 77, 78, 79, 80, 81, 82, 83, 84, 85, 86, 87, 88, 89, 90, 91, 92, 93, 94, 95, 96, 97, 98, 99]","[4, 9, 14, 19, 24, 29]",data/sampling/gpt-5-nano_temp10.csv
gpt-5-nano,1.0,Fairness/Reciprocity,0.5334494587537962,0.014819257299286256,1.8745918354404623,0.05207627130306053,0.44828781975310533,0.027699981215756085,0.013263414702968886,0.006610008874390242,0.02641548677845713,0.008337326766439975,100,6,10,10,10,"[0, 1, 2, 3, 4, 5, 6, 7, 8, 9, 10, 11, 12, 13, 14, 15, 16, 17, 18, 19, 20, 21, 22, 23, 24, 25, 26, 27, 28, 29, 30, 31, 32, 33, 34, 35, 36, 37, 38, 39, 40, 41, 42, 43, 44, 45, 46, 47, 48, 49, 50, 51, 52, 53, 54, 55, 56, 57, 58, 59, 60, 61, 62, 63, 64, 65, 66, 67, 68, 69, 70, 71, 72, 73, 74, 75, 76, 77, 78, 79, 80, 81, 82, 83, 84, 85, 86, 87, 88, 89, 90, 91, 92, 93, 94, 95, 96, 97, 98, 99]","[2, 7, 12, 17, 22, 27]",data/sampling/gpt-5-nano_temp10.csv
gpt-5-nano,1.0,Harm/Care,0.6716485482657075,0.019589915429596996,1.488873909698968,0.04342585724580118,0.5604811601138011,0.03041437499887213,0.01767358549694731,0.00845039420505672,0.028746164529645173,0.00993439637857216,100,6,10,10,10,"[0, 1, 2, 3, 4, 5, 6, 7, 8, 9, 10, 11, 12, 13, 14, 15, 16, 17, 18, 19, 20, 21, 22, 23, 24, 25, 26, 27, 28, 29, 30, 31, 32, 33, 34, 35, 36, 37, 38, 39, 40, 41, 42, 43, 44, 45, 46, 47, 48, 49, 50, 51, 52, 53, 54, 55, 56, 57, 58, 59, 60, 61, 62, 63, 64, 65, 66, 67, 68, 69, 70, 71, 72, 73, 74, 75, 76, 77, 78, 79, 80, 81, 82, 83, 84, 85, 86, 87, 88, 89, 90, 91, 92, 93, 94, 95, 96, 97, 98, 99]","[1, 6, 11, 16, 21, 26]",data/sampling/gpt-5-nano_temp10.csv
gpt-5-nano,1.0,In-group/Loyalty,0.5464281017685898,0.017800965254350112,1.8300669324351406,0.05961801337078606,0.48513470520637947,0.03487131939004046,0.016479080938997415,0.006731586394940797,0.03389226646206773,0.008205070997036582,100,6,10,10,10,"[0, 1, 2, 3, 4, 5, 6, 7, 8, 9, 10, 11, 12, 13, 14, 15, 16, 17, 18, 19, 20, 21, 22, 23, 24, 25, 26, 27, 28, 29, 30, 31, 32, 33, 34, 35, 36, 37, 38, 39, 40, 41, 42, 43, 44, 45, 46, 47, 48, 49, 50, 51, 52, 53, 54, 55, 56, 57, 58, 59, 60, 61, 62, 63, 64, 65, 66, 67, 68, 69, 70, 71, 72, 73, 74, 75, 76, 77, 78, 79, 80, 81, 82, 83, 84, 85, 86, 87, 88, 89, 90, 91, 92, 93, 94, 95, 96, 97, 98, 99]","[3, 8, 13, 18, 23, 28]",data/sampling/gpt-5-nano_temp10.csv
gpt-5-nano,1.0,Purity/Sanctity,0.7462958577302838,0.02101013720112136,1.3399511596397022,0.03772305234609292,0.596696142658088,0.033688471703274145,0.01911485187422057,0.008720567816177463,0.03180175310852104,0.011115827676200049,100,6,10,10,10,"[0, 1, 2, 3, 4, 5, 6, 7, 8, 9, 10, 11, 12, 13, 14, 15, 16, 17, 18, 19, 20, 21, 22, 23, 24, 25, 26, 27, 28, 29, 30, 31, 32, 33, 34, 35, 36, 37, 38, 39, 40, 41, 42, 43, 44, 45, 46, 47, 48, 49, 50, 51, 52, 53, 54, 55, 56, 57, 58, 59, 60, 61, 62, 63, 64, 65, 66, 67, 68, 69, 70, 71, 72, 73, 74, 75, 76, 77, 78, 79, 80, 81, 82, 83, 84, 85, 86, 87, 88, 89, 90, 91, 92, 93, 94, 95, 96, 97, 98, 99]","[5, 10, 15, 20, 25, 30]",data/sampling/gpt-5-nano_temp10.csv
grok-4,0.1,Authority/Respect,0.31799091769218524,0.013469746955975689,3.144743904189108,0.13320790712575542,0.8622158032531684,0.03990598781070359,0.012646967296606882,0.004635547568149028,0.039524139831395674,0.005507289145878005,100,6,10,10,10,"[0, 1, 2, 3, 4, 5, 6, 7, 8, 9, 10, 11, 12, 13, 14, 15, 16, 17, 18, 19, 20, 21, 22, 23, 24, 25, 26, 27, 28, 29, 30, 31, 32, 33, 34, 35, 36, 37, 38, 39, 40, 41, 42, 43, 44, 45, 46, 47, 48, 49, 50, 51, 52, 53, 54, 55, 56, 57, 58, 59, 60, 61, 62, 63, 64, 65, 66, 67, 68, 69, 70, 71, 72, 73, 74, 75, 76, 77, 78, 79, 80, 81, 82, 83, 84, 85, 86, 87, 88, 89, 90, 91, 92, 93, 94, 95, 96, 97, 98, 99]","[4, 9, 14, 19, 24, 29]",data/sampling/grok-4_temp01.csv
grok-4,0.1,Fairness/Reciprocity,0.2281698817730294,0.012592491435300682,4.382699382711448,0.24187725396286314,0.5623022918557825,0.04722063657199993,0.01179160361899085,0.004419154290214693,0.0468814222510142,0.005649846545438892,100,6,10,10,10,"[0, 1, 2, 3, 4, 5, 6, 7, 8, 9, 10, 11, 12, 13, 14, 15, 16, 17, 18, 19, 20, 21, 22, 23, 24, 25, 26, 27, 28, 29, 30, 31, 32, 33, 34, 35, 36, 37, 38, 39, 40, 41, 42, 43, 44, 45, 46, 47, 48, 49, 50, 51, 52, 53, 54, 55, 56, 57, 58, 59, 60, 61, 62, 63, 64, 65, 66, 67, 68, 69, 70, 71, 72, 73, 74, 75, 76, 77, 78, 79, 80, 81, 82, 83, 84, 85, 86, 87, 88, 89, 90, 91, 92, 93, 94, 95, 96, 97, 98, 99]","[2, 7, 12, 17, 22, 27]",data/sampling/grok-4_temp01.csv
grok-4,0.1,Harm/Care,0.2972305356725629,0.012670427533405004,3.364391877628706,0.1434182506955859,0.6230213328204157,0.03797593612934579,0.011868705025796527,0.0044354903776132664,0.03752416008873485,0.005840302606470828,100,6,10,10,10,"[0, 1, 2, 3, 4, 5, 6, 7, 8, 9, 10, 11, 12, 13, 14, 15, 16, 17, 18, 19, 20, 21, 22, 23, 24, 25, 26, 27, 28, 29, 30, 31, 32, 33, 34, 35, 36, 37, 38, 39, 40, 41, 42, 43, 44, 45, 46, 47, 48, 49, 50, 51, 52, 53, 54, 55, 56, 57, 58, 59, 60, 61, 62, 63, 64, 65, 66, 67, 68, 69, 70, 71, 72, 73, 74, 75, 76, 77, 78, 79, 80, 81, 82, 83, 84, 85, 86, 87, 88, 89, 90, 91, 92, 93, 94, 95, 96, 97, 98, 99]","[1, 6, 11, 16, 21, 26]",data/sampling/grok-4_temp01.csv
grok-4,0.1,In-group/Loyalty,0.2526727772984047,0.01372007262993823,3.957687926226446,0.2149015274816441,0.811728097835911,0.04039689237896054,0.013012913086483046,0.004347928929320078,0.04011456941227709,0.004767623595138744,100,6,10,10,10,"[0, 1, 2, 3, 4, 5, 6, 7, 8, 9, 10, 11, 12, 13, 14, 15, 16, 17, 18, 19, 20, 21, 22, 23, 24, 25, 26, 27, 28, 29, 30, 31, 32, 33, 34, 35, 36, 37, 38, 39, 40, 41, 42, 43, 44, 45, 46, 47, 48, 49, 50, 51, 52, 53, 54, 55, 56, 57, 58, 59, 60, 61, 62, 63, 64, 65, 66, 67, 68, 69, 70, 71, 72, 73, 74, 75, 76, 77, 78, 79, 80, 81, 82, 83, 84, 85, 86, 87, 88, 89, 90, 91, 92, 93, 94, 95, 96, 97, 98, 99]","[3, 8, 13, 18, 23, 28]",data/sampling/grok-4_temp01.csv
grok-4,0.1,Purity/Sanctity,0.41349759407039,0.015757043867461157,2.4183937569169247,0.09215709368806446,1.0068939811418984,0.049631727279221806,0.014820150104739393,0.0053523436281771196,0.04935400016628591,0.005243187990650405,100,6,10,10,10,"[0, 1, 2, 3, 4, 5, 6, 7, 8, 9, 10, 11, 12, 13, 14, 15, 16, 17, 18, 19, 20, 21, 22, 23, 24, 25, 26, 27, 28, 29, 30, 31, 32, 33, 34, 35, 36, 37, 38, 39, 40, 41, 42, 43, 44, 45, 46, 47, 48, 49, 50, 51, 52, 53, 54, 55, 56, 57, 58, 59, 60, 61, 62, 63, 64, 65, 66, 67, 68, 69, 70, 71, 72, 73, 74, 75, 76, 77, 78, 79, 80, 81, 82, 83, 84, 85, 86, 87, 88, 89, 90, 91, 92, 93, 94, 95, 96, 97, 98, 99]","[5, 10, 15, 20, 25, 30]",data/sampling/grok-4_temp01.csv
grok-4-fast,0.1,Authority/Respect,0.3492140256016667,0.01440086963185672,2.8635734154064494,0.11808788998514425,0.9995638548088435,0.044964370755752645,0.013498062861310453,0.005018699547277615,0.04463105430291716,0.005464762508183096,100,6,10,10,10,"[0, 1, 2, 3, 4, 5, 6, 7, 8, 9, 10, 11, 12, 13, 14, 15, 16, 17, 18, 19, 20, 21, 22, 23, 24, 25, 26, 27, 28, 29, 30, 31, 32, 33, 34, 35, 36, 37, 38, 39, 40, 41, 42, 43, 44, 45, 46, 47, 48, 49, 50, 51, 52, 53, 54, 55, 56, 57, 58, 59, 60, 61, 62, 63, 64, 65, 66, 67, 68, 69, 70, 71, 72, 73, 74, 75, 76, 77, 78, 79, 80, 81, 82, 83, 84, 85, 86, 87, 88, 89, 90, 91, 92, 93, 94, 95, 96, 97, 98, 99]","[4, 9, 14, 19, 24, 29]",data/sampling/grok-4-fast_temp01.csv
grok-4-fast,0.1,Fairness/Reciprocity,0.18375279730761618,0.017995341256999114,5.442094023341173,0.5329569973226231,0.6563021829548837,0.06046423571895644,0.017603142721125283,0.0037365322553871284,0.05993709105693002,0.007966738147498474,100,6,10,10,10,"[0, 1, 2, 3, 4, 5, 6, 7, 8, 9, 10, 11, 12, 13, 14, 15, 16, 17, 18, 19, 20, 21, 22, 23, 24, 25, 26, 27, 28, 29, 30, 31, 32, 33, 34, 35, 36, 37, 38, 39, 40, 41, 42, 43, 44, 45, 46, 47, 48, 49, 50, 51, 52, 53, 54, 55, 56, 57, 58, 59, 60, 61, 62, 63, 64, 65, 66, 67, 68, 69, 70, 71, 72, 73, 74, 75, 76, 77, 78, 79, 80, 81, 82, 83, 84, 85, 86, 87, 88, 89, 90, 91, 92, 93, 94, 95, 96, 97, 98, 99]","[2, 7, 12, 17, 22, 27]",data/sampling/grok-4-fast_temp01.csv
grok-4-fast,0.1,Harm/Care,0.25635093757555455,0.017591694712255024,3.900902448251312,0.26769352053452045,0.7916872745865501,0.06473350370564687,0.016852831869073114,0.005044777581017315,0.06432869659614932,0.007228090774856384,100,6,10,10,10,"[0, 1, 2, 3, 4, 5, 6, 7, 8, 9, 10, 11, 12, 13, 14, 15, 16, 17, 18, 19, 20, 21, 22, 23, 24, 25, 26, 27, 28, 29, 30, 31, 32, 33, 34, 35, 36, 37, 38, 39, 40, 41, 42, 43, 44, 45, 46, 47, 48, 49, 50, 51, 52, 53, 54, 55, 56, 57, 58, 59, 60, 61, 62, 63, 64, 65, 66, 67, 68, 69, 70, 71, 72, 73, 74, 75, 76, 77, 78, 79, 80, 81, 82, 83, 84, 85, 86, 87, 88, 89, 90, 91, 92, 93, 94, 95, 96, 97, 98, 99]","[1, 6, 11, 16, 21, 26]",data/sampling/grok-4-fast_temp01.csv
grok-4-fast,0.1,In-group/Loyalty,0.32622773669265104,0.014406736760629181,3.065343278711246,0.13537044441736987,0.9753725339490309,0.03871532606660566,0.013585399154440445,0.004794892481025308,0.03837103366790385,0.005151722789532132,100,6,10,10,10,"[0, 1, 2, 3, 4, 5, 6, 7, 8, 9, 10, 11, 12, 13, 14, 15, 16, 17, 18, 19, 20, 21, 22, 23, 24, 25, 26, 27, 28, 29, 30, 31, 32, 33, 34, 35, 36, 37, 38, 39, 40, 41, 42, 43, 44, 45, 46, 47, 48, 49, 50, 51, 52, 53, 54, 55, 56, 57, 58, 59, 60, 61, 62, 63, 64, 65, 66, 67, 68, 69, 70, 71, 72, 73, 74, 75, 76, 77, 78, 79, 80, 81, 82, 83, 84, 85, 86, 87, 88, 89, 90, 91, 92, 93, 94, 95, 96, 97, 98, 99]","[3, 8, 13, 18, 23, 28]",data/sampling/grok-4-fast_temp01.csv
grok-4-fast,0.1,Purity/Sanctity,0.3876284625321915,0.015843842594523577,2.5797899191083076,0.1054457795443653,1.152258171653071,0.054447394342007426,0.014859326844091967,0.005497977255362872,0.054185045383336385,0.005338502359261308,100,6,10,10,10,"[0, 1, 2, 3, 4, 5, 6, 7, 8, 9, 10, 11, 12, 13, 14, 15, 16, 17, 18, 19, 20, 21, 22, 23, 24, 25, 26, 27, 28, 29, 30, 31, 32, 33, 34, 35, 36, 37, 38, 39, 40, 41, 42, 43, 44, 45, 46, 47, 48, 49, 50, 51, 52, 53, 54, 55, 56, 57, 58, 59, 60, 61, 62, 63, 64, 65, 66, 67, 68, 69, 70, 71, 72, 73, 74, 75, 76, 77, 78, 79, 80, 81, 82, 83, 84, 85, 86, 87, 88, 89, 90, 91, 92, 93, 94, 95, 96, 97, 98, 99]","[5, 10, 15, 20, 25, 30]",data/sampling/grok-4-fast_temp01.csv
llama-4-maverick,0.1,Authority/Respect,0.2874769210654888,0.014412883306760165,3.478540107823802,0.17439936557734378,0.8786332917422679,0.03411419034208211,0.01348175143022348,0.005096428512983675,0.03367658289437722,0.005446627144751864,100,6,10,10,10,"[0, 1, 2, 3, 4, 5, 6, 7, 8, 9, 10, 11, 12, 13, 14, 15, 16, 17, 18, 19, 20, 21, 22, 23, 24, 25, 26, 27, 28, 29, 30, 31, 32, 33, 34, 35, 36, 37, 38, 39, 40, 41, 42, 43, 44, 45, 46, 47, 48, 49, 50, 51, 52, 53, 54, 55, 56, 57, 58, 59, 60, 61, 62, 63, 64, 65, 66, 67, 68, 69, 70, 71, 72, 73, 74, 75, 76, 77, 78, 79, 80, 81, 82, 83, 84, 85, 86, 87, 88, 89, 90, 91, 92, 93, 94, 95, 96, 97, 98, 99]","[4, 9, 14, 19, 24, 29]",data/sampling/llama-4-maverick_temp01.csv
llama-4-maverick,0.1,Fairness/Reciprocity,0.11752786758144329,0.009295584690758685,8.508620300687664,0.6729689071550797,0.3727317286661098,0.025534350828279873,0.008654057501164762,0.0033934029394696347,0.02523280963929326,0.0039125937597540164,100,6,10,10,10,"[0, 1, 2, 3, 4, 5, 6, 7, 8, 9, 10, 11, 12, 13, 14, 15, 16, 17, 18, 19, 20, 21, 22, 23, 24, 25, 26, 27, 28, 29, 30, 31, 32, 33, 34, 35, 36, 37, 38, 39, 40, 41, 42, 43, 44, 45, 46, 47, 48, 49, 50, 51, 52, 53, 54, 55, 56, 57, 58, 59, 60, 61, 62, 63, 64, 65, 66, 67, 68, 69, 70, 71, 72, 73, 74, 75, 76, 77, 78, 79, 80, 81, 82, 83, 84, 85, 86, 87, 88, 89, 90, 91, 92, 93, 94, 95, 96, 97, 98, 99]","[2, 7, 12, 17, 22, 27]",data/sampling/llama-4-maverick_temp01.csv
llama-4-maverick,0.1,Harm/Care,0.1350010954555259,0.01171069378548914,7.4073473005960535,0.6425516452836997,0.45086697866657377,0.032679733193792075,0.011212023039391996,0.0033809596716963407,0.032202970593387274,0.005561802457735269,100,6,10,10,10,"[0, 1, 2, 3, 4, 5, 6, 7, 8, 9, 10, 11, 12, 13, 14, 15, 16, 17, 18, 19, 20, 21, 22, 23, 24, 25, 26, 27, 28, 29, 30, 31, 32, 33, 34, 35, 36, 37, 38, 39, 40, 41, 42, 43, 44, 45, 46, 47, 48, 49, 50, 51, 52, 53, 54, 55, 56, 57, 58, 59, 60, 61, 62, 63, 64, 65, 66, 67, 68, 69, 70, 71, 72, 73, 74, 75, 76, 77, 78, 79, 80, 81, 82, 83, 84, 85, 86, 87, 88, 89, 90, 91, 92, 93, 94, 95, 96, 97, 98, 99]","[1, 6, 11, 16, 21, 26]",data/sampling/llama-4-maverick_temp01.csv
llama-4-maverick,0.1,In-group/Loyalty,0.2853417874279387,0.013016772577145763,3.5045690608934867,0.1598720567981036,0.8562443024569237,0.03485542400062765,0.011884424432190082,0.0053100681954846305,0.03460842750519159,0.004142140495133943,100,6,10,10,10,"[0, 1, 2, 3, 4, 5, 6, 7, 8, 9, 10, 11, 12, 13, 14, 15, 16, 17, 18, 19, 20, 21, 22, 23, 24, 25, 26, 27, 28, 29, 30, 31, 32, 33, 34, 35, 36, 37, 38, 39, 40, 41, 42, 43, 44, 45, 46, 47, 48, 49, 50, 51, 52, 53, 54, 55, 56, 57, 58, 59, 60, 61, 62, 63, 64, 65, 66, 67, 68, 69, 70, 71, 72, 73, 74, 75, 76, 77, 78, 79, 80, 81, 82, 83, 84, 85, 86, 87, 88, 89, 90, 91, 92, 93, 94, 95, 96, 97, 98, 99]","[3, 8, 13, 18, 23, 28]",data/sampling/llama-4-maverick_temp01.csv
llama-4-maverick,0.1,Purity/Sanctity,0.3176999731386576,0.014573976906971957,3.1476238103537955,0.14439219579005194,0.9722799573002426,0.03999394415957515,0.013461301056619772,0.005585174728511125,0.03970072880488128,0.004834015080705168,100,6,10,10,10,"[0, 1, 2, 3, 4, 5, 6, 7, 8, 9, 10, 11, 12, 13, 14, 15, 16, 17, 18, 19, 20, 21, 22, 23, 24, 25, 26, 27, 28, 29, 30, 31, 32, 33, 34, 35, 36, 37, 38, 39, 40, 41, 42, 43, 44, 45, 46, 47, 48, 49, 50, 51, 52, 53, 54, 55, 56, 57, 58, 59, 60, 61, 62, 63, 64, 65, 66, 67, 68, 69, 70, 71, 72, 73, 74, 75, 76, 77, 78, 79, 80, 81, 82, 83, 84, 85, 86, 87, 88, 89, 90, 91, 92, 93, 94, 95, 96, 97, 98, 99]","[5, 10, 15, 20, 25, 30]",data/sampling/llama-4-maverick_temp01.csv
llama-4-scout,0.1,Authority/Respect,0.26499380935182176,0.016500107008002106,3.7736730621972367,0.23497156213487722,0.7939448297786385,0.04710854452488896,0.01570265234965348,0.00506756750931275,0.046781317969137245,0.005542856332607037,100,6,10,10,10,"[0, 1, 2, 3, 4, 5, 6, 7, 8, 9, 10, 11, 12, 13, 14, 15, 16, 17, 18, 19, 20, 21, 22, 23, 24, 25, 26, 27, 28, 29, 30, 31, 32, 33, 34, 35, 36, 37, 38, 39, 40, 41, 42, 43, 44, 45, 46, 47, 48, 49, 50, 51, 52, 53, 54, 55, 56, 57, 58, 59, 60, 61, 62, 63, 64, 65, 66, 67, 68, 69, 70, 71, 72, 73, 74, 75, 76, 77, 78, 79, 80, 81, 82, 83, 84, 85, 86, 87, 88, 89, 90, 91, 92, 93, 94, 95, 96, 97, 98, 99]","[4, 9, 14, 19, 24, 29]",data/sampling/llama-4-scout_temp01.csv
llama-4-scout,0.1,Fairness/Reciprocity,0.11331414587968446,0.009932715644288511,8.825023497611564,0.7735702217533601,0.3374552904998777,0.022333182724445507,0.009525682218929618,0.002814288246477577,0.02175518600347513,0.005048062257705532,100,6,10,10,10,"[0, 1, 2, 3, 4, 5, 6, 7, 8, 9, 10, 11, 12, 13, 14, 15, 16, 17, 18, 19, 20, 21, 22, 23, 24, 25, 26, 27, 28, 29, 30, 31, 32, 33, 34, 35, 36, 37, 38, 39, 40, 41, 42, 43, 44, 45, 46, 47, 48, 49, 50, 51, 52, 53, 54, 55, 56, 57, 58, 59, 60, 61, 62, 63, 64, 65, 66, 67, 68, 69, 70, 71, 72, 73, 74, 75, 76, 77, 78, 79, 80, 81, 82, 83, 84, 85, 86, 87, 88, 89, 90, 91, 92, 93, 94, 95, 96, 97, 98, 99]","[2, 7, 12, 17, 22, 27]",data/sampling/llama-4-scout_temp01.csv
llama-4-scout,0.1,Harm/Care,0.10549482240436796,0.012299175463817537,9.479138190943061,1.1051308604445358,0.32104387735713563,0.03295941055962624,0.011904007430441987,0.003092624158502496,0.032232560512141434,0.006883660891498257,100,6,10,10,10,"[0, 1, 2, 3, 4, 5, 6, 7, 8, 9, 10, 11, 12, 13, 14, 15, 16, 17, 18, 19, 20, 21, 22, 23, 24, 25, 26, 27, 28, 29, 30, 31, 32, 33, 34, 35, 36, 37, 38, 39, 40, 41, 42, 43, 44, 45, 46, 47, 48, 49, 50, 51, 52, 53, 54, 55, 56, 57, 58, 59, 60, 61, 62, 63, 64, 65, 66, 67, 68, 69, 70, 71, 72, 73, 74, 75, 76, 77, 78, 79, 80, 81, 82, 83, 84, 85, 86, 87, 88, 89, 90, 91, 92, 93, 94, 95, 96, 97, 98, 99]","[1, 6, 11, 16, 21, 26]",data/sampling/llama-4-scout_temp01.csv
llama-4-scout,0.1,In-group/Loyalty,0.25642437876195334,0.016613347088002293,3.899785210860668,0.25266117671608607,0.8451749920942432,0.045195470468983305,0.015633248664336415,0.005621818003587268,0.04479419521135436,0.006009211785236065,100,6,10,10,10,"[0, 1, 2, 3, 4, 5, 6, 7, 8, 9, 10, 11, 12, 13, 14, 15, 16, 17, 18, 19, 20, 21, 22, 23, 24, 25, 26, 27, 28, 29, 30, 31, 32, 33, 34, 35, 36, 37, 38, 39, 40, 41, 42, 43, 44, 45, 46, 47, 48, 49, 50, 51, 52, 53, 54, 55, 56, 57, 58, 59, 60, 61, 62, 63, 64, 65, 66, 67, 68, 69, 70, 71, 72, 73, 74, 75, 76, 77, 78, 79, 80, 81, 82, 83, 84, 85, 86, 87, 88, 89, 90, 91, 92, 93, 94, 95, 96, 97, 98, 99]","[3, 8, 13, 18, 23, 28]",data/sampling/llama-4-scout_temp01.csv
llama-4-scout,0.1,Purity/Sanctity,0.34867741914600875,0.01767671236574886,2.8679803884324664,0.14539646565325826,1.0389823123929893,0.043701568420848,0.01651110460008772,0.006312652766181643,0.043231465849868436,0.006392764888036956,100,6,10,10,10,"[0, 1, 2, 3, 4, 5, 6, 7, 8, 9, 10, 11, 12, 13, 14, 15, 16, 17, 18, 19, 20, 21, 22, 23, 24, 25, 26, 27, 28, 29, 30, 31, 32, 33, 34, 35, 36, 37, 38, 39, 40, 41, 42, 43, 44, 45, 46, 47, 48, 49, 50, 51, 52, 53, 54, 55, 56, 57, 58, 59, 60, 61, 62, 63, 64, 65, 66, 67, 68, 69, 70, 71, 72, 73, 74, 75, 76, 77, 78, 79, 80, 81, 82, 83, 84, 85, 86, 87, 88, 89, 90, 91, 92, 93, 94, 95, 96, 97, 98, 99]","[5, 10, 15, 20, 25, 30]",data/sampling/llama-4-scout_temp01.csv
